{"stat.pickup.minecraft.log":3,"stat.flyOneCm":853,"stat.walkOneCm":24788,"stat.jump":87,"stat.swimOneCm":2137,"stat.playOneMinute":4148,"stat.fallOneCm":2571,"stat.craftItem.minecraft.planks":12,"stat.mineBlock.iceandfire.dragon_ice_spikes":1,"stat.sneakTime":9,"stat.damageTaken":80,"stat.craftItem.minecraft.crafting_table":1,"stat.crouchOneCm":78,"stat.timeSinceDeath":4148,"stat.pickup.iceandfire.dragon_ice_spikes":1,"stat.sprintOneCm":2069,"stat.useItem.minecraft.stone_slab2":1,"stat.mineBlock.minecraft.log":3,"stat.craftItem.minecraft.stick":4,"stat.craftingTableInteraction":2}