{"stat.drop.minecraft.stone_pickaxe":1,"stat.pickup.minecraft.bone":3,"stat.horseOneCm":19262,"stat.leaveGame":4,"stat.mineBlock.ebwizardry.crystal_flower":5,"stat.pickup.minecraft.stone_pickaxe":1,"stat.swimOneCm":6549,"stat.useItem.minecraft.dirt":5,"stat.useItem.harvestcraft.tomatoitem":1,"stat.useItem.minecraft.stone_slab2":8,"stat.pickup.minecraft.bow":1,"stat.craftItem.minecraft.stone_pickaxe":1,"stat.pickup.minecraft.cobblestone":139,"stat.craftItem.minecraft.stone_sword":2,"stat.flyOneCm":81678,"stat.timeSinceDeath":54081,"stat.useItem.minecraft.iron_pickaxe":11,"stat.craftItem.minecraft.wooden_pickaxe":1,"stat.pickup.minecraft.double_plant":1,"stat.pickup.harvestcraft.whitemushroomitem":1,"stat.pickup.harvestcraft.beanitem":2,"stat.furnaceInteraction":1,"stat.mineBlock.minecraft.coal_ore":18,"stat.killEntity.Creeper":1,"stat.pickup.minecraft.string":2,"stat.pickup.harvestcraft.turnipitem":1,"stat.pickup.minecraft.furnace":1,"stat.sprintOneCm":43293,"stat.mineBlock.realistic_minerals.sapphireore":1,"stat.craftItem.minecraft.stick":12,"stat.mineBlock.minecraft.crafting_table":2,"stat.mineBlock.astralsorcery.blockmarble":17,"stat.drop":6,"stat.playOneMinute":54081,"stat.craftItem.minecraft.iron_pickaxe":1,"stat.drop.minecraft.torch":1,"stat.mineBlock.minecraft.tallgrass":1,"stat.diveOneCm":1975,"stat.chestOpened":4,"stat.pickup.harvestcraft.tomatoitem":1,"stat.pickup.minecraft.arrow":3,"stat.useItem.ebwizardry.crystal_flower":1,"stat.pickup.minecraft.gold_nugget":129,"stat.useItem.harvestcraft.grilledcheeseitem":3,"stat.pickup.harvestcraft.blackberryitem":1,"stat.jump":834,"stat.pickup.minecraft.coal":18,"stat.fallOneCm":17341,"stat.drop.minecraft.stone_sword":2,"stat.drop.harvestcraft.beanitem":1,"stat.pickup.minecraft.gunpowder":1,"stat.crouchOneCm":78,"stat.craftItem.minecraft.torch":4,"stat.pickup.minecraft.dirt":39,"stat.craftingTableInteraction":14,"stat.pickup.harvestcraft.grilledcheeseitem":64,"stat.damageTaken":390,"stat.mineBlock.minecraft.furnace":1,"stat.mineBlock.minecraft.torch":3,"stat.useItem.minecraft.wooden_pickaxe":59,"stat.mineBlock.minecraft.sapling":1,"stat.craftItem.minecraft.wooden_sword":1,"stat.pickup.ebwizardry.crystal_flower":5,"stat.useItem.minecraft.stone_pickaxe":134,"stat.useItem.minecraft.stone_sword":18,"stat.damageDealt":401,"stat.drop.harvestcraft.blackberryitem":1,"stat.sleepInBed":1,"stat.pickup.iceandfire.dragon_ice_spikes":3,"stat.mineBlock.minecraft.dirt":12,"stat.mineBlock.harvestcraft.pamspiderweb":1,"stat.walkOneCm":319580,"stat.useItem.minecraft.torch":4,"stat.useItem.minecraft.log":1,"stat.pickup.minecraft.crafting_table":2,"stat.craftItem.minecraft.crafting_table":1,"stat.pickup.iceandfire.dragonegg_green":1,"stat.pickup.minecraft.log":7,"stat.craftItem.minecraft.gold_ingot":14,"stat.pickup.minecraft.stone":1,"stat.pickup.harvestcraft.zucchiniitem":1,"stat.pickup.minecraft.sapling":5,"stat.mineBlock.minecraft.packed_ice":1,"stat.mineBlock.iceandfire.goldpile":35,"stat.craftItem.minecraft.planks":24,"stat.pickup.minecraft.stone_sword":2,"stat.mobKills":1,"stat.mineBlock.minecraft.log":8,"stat.mineBlock.minecraft.leaves":1,"stat.pickup.minecraft.torch":4,"stat.mineBlock.iceandfire.dragon_ice_spikes":3,"stat.sneakTime":39,"stat.pickup.harvestcraft.tealeafitem":1,"stat.pickup.astralsorcery.blockmarble":17,"stat.mineBlock.minecraft.stone":141}