{"stat.pickup.minecraft.double_plant":2,"stat.walkOneCm":260787,"stat.craftItem.minecraft.bed":2,"stat.pickup.minecraft.spruce_door":2,"stat.pickup.minecraft.stick":4,"stat.pickup.minecraft.wooden_axe":2,"stat.pickup.minecraft.crafting_table":2,"stat.pickup.minecraft.stone_pickaxe":1,"stat.craftItem.minecraft.crafting_table":2,"stat.mineBlock.minecraft.double_plant":3,"stat.pickup.minecraft.log":34,"stat.useItem.harvestcraft.grilledcheeseitem":1,"stat.swimOneCm":29634,"stat.jump":928,"stat.fallOneCm":22068,"stat.useItem.minecraft.planks":28,"stat.entityKilledBy.Skeleton":3,"stat.drop.minecraft.planks":1,"stat.entityKilledBy.icedragon":1,"stat.pickup.minecraft.sapling":9,"stat.pickup.minecraft.dirt":28,"stat.useItem.minecraft.dirt":4,"stat.sprintOneCm":106255,"stat.useItem.minecraft.stone_slab2":9,"stat.drop.minecraft.bed":1,"stat.craftItem.minecraft.stick":12,"stat.craftItem.minecraft.wooden_axe":2,"stat.craftingTableInteraction":8,"stat.pickup.minecraft.sand":1,"stat.pickup.harvestcraft.grilledcheeseitem":128,"stat.craftItem.minecraft.planks":92,"stat.pickup.minecraft.wooden_pickaxe":1,"stat.damageTaken":3230,"stat.mineBlock.minecraft.crafting_table":2,"stat.mobKills":6,"stat.mineBlock.minecraft.log":34,"stat.entityKilledBy.betteranimalsplus.boar":1,"stat.pickup.minecraft.planks":43,"stat.flyOneCm":39314,"stat.pickup.minecraft.bed":2,"stat.deaths":12,"stat.mineBlock.minecraft.planks":5,"stat.entityKilledBy.firedragon":1,"stat.useItem.minecraft.spruce_door":1,"stat.pickup.minecraft.wheat_seeds":7,"stat.drop":3,"stat.mineBlock.minecraft.sand":1,"stat.mineBlock.minecraft.leaves":3,"stat.playOneMinute":91038,"stat.entityKilledBy.Zombie":2,"stat.killEntity.Sheep":6,"stat.pickup.minecraft.red_flower":3,"stat.pickup.astralsorcery.itemtunedrockcrystal":2,"stat.pickup.minecraft.wool":6,"stat.pickup.iceandfire.frozen_grass":1,"stat.damageDealt":675,"stat.timeSinceDeath":3038,"stat.useItem.minecraft.wooden_axe":46,"stat.mineBlock.minecraft.dirt":28,"stat.craftItem.minecraft.wooden_pickaxe":2,"stat.mineBlock.minecraft.tallgrass":15,"stat.pickup.minecraft.mutton":16,"stat.diveOneCm":16341,"stat.drop.minecraft.wooden_axe":1,"stat.craftItem.minecraft.spruce_door":3}