{"stat.pickup.minecraft.sand":1,"stat.pickup.minecraft.double_plant":1,"stat.walkOneCm":109895,"stat.craftItem.minecraft.bed":1,"stat.craftItem.minecraft.planks":24,"stat.pickup.minecraft.crafting_table":1,"stat.damageTaken":1450,"stat.mineBlock.minecraft.crafting_table":1,"stat.craftItem.minecraft.crafting_table":1,"stat.mineBlock.minecraft.double_plant":1,"stat.mobKills":3,"stat.mineBlock.minecraft.log":12,"stat.pickup.minecraft.log":12,"stat.flyOneCm":16995,"stat.pickup.minecraft.bed":2,"stat.deaths":6,"stat.entityKilledBy.firedragon":1,"stat.pickup.minecraft.wheat_seeds":3,"stat.drop":1,"stat.jump":418,"stat.swimOneCm":22583,"stat.mineBlock.minecraft.sand":1,"stat.mineBlock.minecraft.leaves":1,"stat.playOneMinute":40638,"stat.fallOneCm":9672,"stat.entityKilledBy.Zombie":1,"stat.killEntity.Sheep":3,"stat.pickup.minecraft.wool":3,"stat.damageDealt":393,"stat.timeSinceDeath":20,"stat.useItem.minecraft.wooden_axe":21,"stat.pickup.minecraft.sapling":5,"stat.pickup.minecraft.dirt":24,"stat.useItem.minecraft.dirt":4,"stat.sprintOneCm":48573,"stat.mineBlock.minecraft.dirt":24,"stat.useItem.minecraft.stone_slab2":4,"stat.craftItem.minecraft.wooden_pickaxe":1,"stat.mineBlock.minecraft.tallgrass":8,"stat.diveOneCm":14357,"stat.pickup.minecraft.mutton":6,"stat.drop.minecraft.bed":1,"stat.craftItem.minecraft.stick":4,"stat.craftItem.minecraft.wooden_axe":1,"stat.craftingTableInteraction":4}