{"stat.pickup.minecraft.sand":1,"stat.walkOneCm":68020,"stat.craftItem.minecraft.planks":24,"stat.damageTaken":530,"stat.craftItem.minecraft.crafting_table":1,"stat.mineBlock.minecraft.log":6,"stat.pickup.minecraft.log":6,"stat.flyOneCm":9315,"stat.deaths":2,"stat.pickup.minecraft.wheat_seeds":1,"stat.jump":304,"stat.swimOneCm":21740,"stat.mineBlock.minecraft.sand":1,"stat.playOneMinute":28038,"stat.fallOneCm":6820,"stat.timeSinceDeath":9419,"stat.pickup.minecraft.dirt":23,"stat.useItem.minecraft.dirt":4,"stat.sprintOneCm":38462,"stat.mineBlock.minecraft.dirt":23,"stat.useItem.minecraft.stone_slab2":2,"stat.mineBlock.minecraft.tallgrass":1,"stat.diveOneCm":13931,"stat.craftItem.minecraft.stick":4,"stat.craftingTableInteraction":1}