{"stat.pickup.minecraft.double_plant":2,"stat.walkOneCm":238236,"stat.craftItem.minecraft.bed":2,"stat.pickup.minecraft.crafting_table":2,"stat.pickup.minecraft.stone_pickaxe":1,"stat.craftItem.minecraft.crafting_table":2,"stat.mineBlock.minecraft.double_plant":3,"stat.pickup.minecraft.log":28,"stat.useItem.harvestcraft.grilledcheeseitem":1,"stat.swimOneCm":26891,"stat.jump":837,"stat.fallOneCm":20818,"stat.entityKilledBy.Skeleton":2,"stat.entityKilledBy.icedragon":1,"stat.pickup.minecraft.sapling":8,"stat.pickup.minecraft.dirt":28,"stat.useItem.minecraft.dirt":4,"stat.sprintOneCm":103597,"stat.useItem.minecraft.stone_slab2":8,"stat.drop.minecraft.bed":1,"stat.craftItem.minecraft.stick":12,"stat.craftItem.minecraft.wooden_axe":2,"stat.craftingTableInteraction":6,"stat.pickup.minecraft.sand":1,"stat.pickup.harvestcraft.grilledcheeseitem":128,"stat.craftItem.minecraft.planks":48,"stat.damageTaken":2860,"stat.mineBlock.minecraft.crafting_table":2,"stat.mobKills":6,"stat.mineBlock.minecraft.log":28,"stat.entityKilledBy.betteranimalsplus.boar":1,"stat.flyOneCm":38582,"stat.pickup.minecraft.bed":2,"stat.deaths":11,"stat.entityKilledBy.firedragon":1,"stat.pickup.minecraft.wheat_seeds":5,"stat.drop":1,"stat.mineBlock.minecraft.sand":1,"stat.mineBlock.minecraft.leaves":2,"stat.playOneMinute":78438,"stat.entityKilledBy.Zombie":2,"stat.killEntity.Sheep":6,"stat.pickup.minecraft.red_flower":3,"stat.pickup.astralsorcery.itemtunedrockcrystal":1,"stat.pickup.minecraft.wool":6,"stat.pickup.iceandfire.frozen_grass":1,"stat.damageDealt":675,"stat.timeSinceDeath":9189,"stat.useItem.minecraft.wooden_axe":36,"stat.mineBlock.minecraft.dirt":28,"stat.craftItem.minecraft.wooden_pickaxe":2,"stat.mineBlock.minecraft.tallgrass":13,"stat.pickup.minecraft.mutton":11,"stat.diveOneCm":15351}