{"stat.walkOneCm":44998,"stat.mineBlock.harvestcraft.pamwalnut":1,"stat.craftItem.minecraft.planks":12,"stat.leaveGame":2,"stat.craftItem.minecraft.stone_axe":1,"stat.pickup.minecraft.crafting_table":1,"stat.useItem.harvestcraft.walnutitem":2,"stat.mineBlock.minecraft.cobblestone":3,"stat.damageTaken":270,"stat.mineBlock.minecraft.crafting_table":1,"stat.useItem.minecraft.cobblestone":15,"stat.craftItem.minecraft.stone_pickaxe":1,"stat.useItem.minecraft.wooden_pickaxe":5,"stat.pickup.minecraft.cobblestone":24,"stat.mineBlock.minecraft.log":3,"stat.pickup.minecraft.log":3,"stat.flyOneCm":7685,"stat.jump":167,"stat.mineBlock.minecraft.leaves":2,"stat.swimOneCm":1301,"stat.playOneMinute":17290,"stat.fallOneCm":4794,"stat.useItem.minecraft.stone_pickaxe":20,"stat.mineBlock.iceandfire.dragon_ice_spikes":1,"stat.pickup.minecraft.red_flower":1,"stat.useItem.minecraft.stone_axe":1,"stat.timeSinceDeath":17290,"stat.pickup.iceandfire.dragon_ice_spikes":1,"stat.pickup.minecraft.dirt":7,"stat.useItem.minecraft.dirt":6,"stat.mineBlock.minecraft.dirt":7,"stat.sprintOneCm":16728,"stat.pickup.harvestcraft.walnutitem":2,"stat.useItem.minecraft.stone_slab2":2,"stat.craftItem.minecraft.wooden_pickaxe":1,"stat.mineBlock.minecraft.stone":21,"stat.mineBlock.minecraft.tallgrass":1,"stat.diveOneCm":334,"stat.craftItem.minecraft.stick":8,"stat.craftItem.minecraft.wooden_axe":1,"stat.craftingTableInteraction":5}