{"stat.pickup.minecraft.wooden_slab":1,"stat.leaveGame":12,"stat.pickup.ebwizardry.spell_book":1,"stat.mineBlock.minecraft.stained_glass":1,"stat.craftItem.minecraft.shield":1,"stat.craftItem.minecraft.stone_pressure_plate":1,"stat.pickup.realistic_minerals.ruby":26,"stat.pickup.minecraft.rotten_flesh":6,"stat.craftItem.minecraft.stone_axe":1,"stat.mineBlock.minecraft.wooden_slab":1,"stat.pickup.betteranimalsplus.turkey_leg_raw":10,"stat.pickup.harvestcraft.radishitem":1,"stat.craftItem.minecraft.iron_shovel":2,"stat.mineBlock.realistic_minerals.fluoriteore":2,"stat.useItem.realistic_minerals.alexandritesword":54,"stat.useItem.minecraft.iron_pickaxe":2442,"stat.craftItem.harvestcraft.toastitem":19,"stat.craftItem.minecraft.wooden_pickaxe":1,"stat.useItem.minecraft.iron_shovel":463,"stat.pickup.harvestcraft.rhubarbitem":2,"stat.pickup.minecraft.double_plant":8,"stat.craftItem.minecraft.bed":2,"stat.craftItem.harvestcraft.skilletitem":1,"stat.pickup.harvestcraft.onionitem":1,"stat.mineBlock.chisel.marble2":66,"stat.mineBlock.minecraft.vine":1,"stat.furnaceInteraction":48,"stat.craftItem.harvestcraft.cocoapowderitem":15,"stat.pickup.realistic_minerals.morganite":2,"stat.useItem.minecraft.stained_glass":61,"stat.mineBlock.realistic_minerals.sapphireore":6,"stat.useItem.minecraft.fence":24,"stat.mineBlock.realistic_minerals.whiteopalore":8,"stat.pickup.minecraft.potion":1,"stat.craftItem.ebwizardry.magic_wand":1,"stat.useItem.minecraft.wheat_seeds":45,"stat.pickup.thaumcraft.crystal_essence":204,"stat.mineBlock.astralsorcery.blockmarble":2,"stat.pickup.minecraft.emerald":1,"stat.useItem.harvestcraft.bolognasandwichitem":16,"stat.useItem.minecraft.dye":42,"stat.pickup.spartanweaponry.halberd_iron":1,"stat.deaths":14,"stat.craftItem.realistic_minerals.amazonitearmorhelmet":1,"stat.craftItem.minecraft.iron_pickaxe":7,"stat.useItem.harvestcraft.hotchocolateitem":1,"stat.mineBlock.realistic_minerals.blacktourmalineore":15,"stat.pickup.chisel.marble2":194,"stat.mineBlock.minecraft.tallgrass":32,"stat.chestOpened":149,"stat.killEntity.betteranimalsplus.goose":1,"stat.craftItem.minecraft.sign":3,"stat.useItem.minecraft.stone":14,"stat.pickup.minecraft.arrow":11,"stat.pickup.realistic_minerals.fluorite":5,"stat.pickup.minecraft.gold_nugget":24,"stat.pickup.harvestcraft.chilipepperitem":1,"stat.pickup.chisel.basalt2":3,"stat.pickup.minecraft.carrot":38,"stat.crouchOneCm":22745,"stat.craftItem.minecraft.iron_ingot":98,"stat.craftingTableInteraction":88,"stat.pickup.minecraft.dye":39,"stat.pickup.minecraft.planks":153,"stat.craftItem.realistic_minerals.alexandritesword":1,"stat.pickup.chisel.limestone2":8,"stat.pickup.minecraft.wheat_seeds":79,"stat.useItem.iceandfire.dragonsteel_ice_sword":26,"stat.mineBlock.minecraft.dirt":1083,"stat.killEntity.VindicationIllager":1,"stat.pickup.minecraft.poisonous_potato":1,"stat.mineBlock.iceandfire.sapphire_ore":1,"stat.useItem.minecraft.cobblestone":127,"stat.mineBlock.minecraft.double_plant":1,"stat.mineBlock.thaumcraft.crystal_aer":4,"stat.killEntity.betteranimalsplus.horseshoecrab":2,"stat.pickup.minecraft.iron_pickaxe":10,"stat.mineBlock.thaumcraft.crystal_terra":9,"stat.mineBlock.ebwizardry.spruce_bookshelf":12,"stat.pickup.minecraft.chicken":3,"stat.pickup.minecraft.apple":4,"stat.craftItem.minecraft.bucket":3,"stat.craftItem.minecraft.planks":1912,"stat.mineBlock.thaumcraft.crystal_ordo":1,"stat.pickup.minecraft.book":21,"stat.mineBlock.minecraft.log":839,"stat.pickup.minecraft.red_flower":12,"stat.pickup.minecraft.wool":12,"stat.killEntity.siren":3,"stat.pickup.minecraft.cooked_fish":4,"stat.craftItem.harvestcraft.saucepanitem":1,"stat.useItem.minecraft.iron_axe":795,"stat.mineBlock.minecraft.cobblestone":21,"stat.pickup.minecraft.flint":12,"stat.pickup.harvestcraft.mixingbowlitem":1,"stat.useItem.minecraft.stone_slab2":465,"stat.pickup.minecraft.bow":1,"stat.pickup.minecraft.iron_boots":6,"stat.craftItem.minecraft.furnace":3,"stat.craftItem.realistic_minerals.whiteopalarmorboots":1,"stat.craftItem.minecraft.iron_boots":1,"stat.mineBlock.minecraft.clay":31,"stat.flyOneCm":728597,"stat.killEntity.betteranimalsplus.deer":1,"stat.timeSinceDeath":10917,"stat.useItem.minecraft.wooden_slab":102,"stat.pickup.realistic_minerals.blueopal":7,"stat.pickup.ebwizardry.arcane_workbench":1,"stat.craftItem.ebwizardry.magic_crystal":2,"stat.pickup.harvestcraft.whitemushroomitem":1,"stat.pickup.harvestcraft.beanitem":3,"stat.mineBlock.realistic_minerals.fireopalore":20,"stat.mineBlock.minecraft.coal_ore":275,"stat.killEntity.Creeper":3,"stat.talkedToVillager":15,"stat.craftItem.minecraft.stone_hoe":1,"stat.pickup.minecraft.string":2,"stat.pickup.ebwizardry.magic_wand":3,"stat.entityKilledBy.Skeleton":2,"stat.sprintOneCm":809040,"stat.pickup.realistic_minerals.aquamarine":11,"stat.mineBlock.minecraft.diamond_ore":3,"stat.pickup.minecraft.leather_leggings":1,"stat.pickup.harvestcraft.mustardseedsitem":3,"stat.craftItem.harvestcraft.hotchocolateitem":15,"stat.craftItem.minecraft.emerald":3,"stat.killEntity.Zombie":5,"stat.pickup.minecraft.snowball":3,"stat.useItem.minecraft.birch_stairs":4,"stat.pickup.iceandfire.chared_dirt":2,"stat.craftItem.minecraft.diamond_axe":1,"stat.diveOneCm":70109,"stat.pickup.minecraft.wheat":34,"stat.entityKilledBy.seaserpent":1,"stat.pickup.minecraft.sign":1,"stat.craftItem.minecraft.cooked_porkchop":28,"stat.pickup.minecraft.stone_axe":1,"stat.craftItem.harvestcraft.market":1,"stat.useItem.minecraft.rotten_flesh":5,"stat.jump":3423,"stat.pickup.minecraft.coal":516,"stat.pickup.minecraft.iron_ingot":69,"stat.pickup.iceandfire.chared_gravel":1,"stat.pickup.minecraft.gunpowder":10,"stat.craftItem.minecraft.torch":92,"stat.pickup.minecraft.dirt":1151,"stat.useItem.minecraft.sapling":42,"stat.pickup.minecraft.iron_axe":7,"stat.damageTaken":5552,"stat.mineBlock.minecraft.torch":10,"stat.pickup.minecraft.written_book":1,"stat.tradedWithVillager":3,"stat.pickup.ebwizardry.crystal_flower":1,"stat.pickup.harvestcraft.hotchocolateitem":1,"stat.pickup.minecraft.bed":4,"stat.pickup.minecraft.potato":43,"stat.pickup.minecraft.diamond_axe":1,"stat.killEntity.Silverfish":7,"stat.animalsBred":4,"stat.useItem.minecraft.chest":7,"stat.craftItem.harvestcraft.cheeseitem":28,"stat.craftItem.harvestcraft.butteritem":38,"stat.killEntity.ebwizardry:ice_wraith":1,"stat.craftItem.harvestcraft.flouritem":22,"stat.pickup.betteranimalsplus.pheasant_egg":1,"stat.craftItem.minecraft.iron_chestplate":1,"stat.pickup.ebwizardry.spruce_bookshelf":12,"stat.mineBlock.minecraft.stonebrick":3,"stat.pickup.harvestcraft.queenbeeitem":1,"stat.pickup.harvestcraft.strawberryitem":1,"stat.killEntity.betteranimalsplus.lamprey":1,"stat.mobKills":47,"stat.mineBlock.minecraft.bookshelf":7,"stat.craftItem.minecraft.shears":1,"stat.useItem.minecraft.boat":1,"stat.pickup.minecraft.diamond":6,"stat.pickup.minecraft.torch":77,"stat.pickup.realistic_minerals.garnetfragments":20,"stat.useItem.realistic_minerals.fireopalsword":18,"stat.craftItem.harvestcraft.heavycreamitem":38,"stat.mineBlock.astralsorcery.blockcustomsandore":1,"stat.pickup.astralsorcery.blockmarble":3,"stat.killEntity.firedragon":2,"stat.craftItem.harvestcraft.saltitem":85,"stat.pickup.betteranimalsplus.antler":4,"stat.mineBlock.realistic_minerals.aquamarineore":12,"stat.craftItem.minecraft.iron_axe":2,"stat.pickup.iceandfire.earplugs":1,"stat.useItem.minecraft.planks":813,"stat.pickup.realistic_minerals.whiteopal":8,"stat.pickup.minecraft.porkchop":79,"stat.pickup.realistic_minerals.alexandrite":20,"stat.useItem.minecraft.water_bucket":3,"stat.pickup.realistic_minerals.amazonitearmorlegs":2,"stat.entityKilledBy.Spider":1,"stat.craftItem.harvestcraft.juiceritem":1,"stat.pickup.harvestcraft.sweetpotatoitem":3,"stat.pickup.harvestcraft.wintersquashitem":1,"stat.entityKilledBy.firedragon":1,"stat.pickup.iceandfire.ash":5,"stat.mineBlock.realistic_minerals.morganiteore":4,"stat.pickup.betteranimalsplus.eel_meat_raw":1,"stat.useItem.minecraft.spawn_egg":1,"stat.pickup.astralsorcery.itemjournal":1,"stat.craftItem.minecraft.birch_door":3,"stat.trappedChestTriggered":1,"stat.craftItem.realistic_minerals.fireopalsword":1,"stat.useItem.minecraft.oak_stairs":606,"stat.pickup.harvestcraft.turnipitem":1,"stat.pickup.minecraft.furnace":3,"stat.mineBlock.harvestcraft.windygarden":4,"stat.pickup.realistic_minerals.blacktourmaline":32,"stat.craftItem.realistic_minerals.amazonitearmorbody":1,"stat.pickup.minecraft.iron_chestplate":5,"stat.mineBlock.iceandfire.ash":5,"stat.craftItem.inventorypets.pig_pet":1,"stat.mineBlock.minecraft.oak_stairs":12,"stat.playOneMinute":770158,"stat.pickup.minecraft.birch_door":3,"stat.pickup.minecraft.dispenser":1,"stat.pickup.harvestcraft.tomatoitem":1,"stat.craftItem.minecraft.carpet":3,"stat.mineBlock.minecraft.dispenser":1,"stat.pickup.realistic_minerals.sapphire":12,"stat.craftItem.harvestcraft.mixingbowlitem":1,"stat.pickup.betteranimalsplus.venisonraw":4,"stat.craftItem.iceandfire.earplugs":1,"stat.useItem.harvestcraft.grilledcheeseitem":4,"stat.fallOneCm":74435,"stat.craftItem.minecraft.chest":12,"stat.craftItem.harvestcraft.freshwateritem":136,"stat.pickup.minecraft.feather":18,"stat.craftItem.minecraft.wooden_button":2,"stat.pickup.minecraft.iron_leggings":7,"stat.pickup.realistic_minerals.amazonite":34,"stat.mineBlock.minecraft.gravel":106,"stat.useItem.minecraft.stone_pickaxe":917,"stat.craftItem.minecraft.birch_stairs":4,"stat.craftItem.minecraft.iron_leggings":1,"stat.craftItem.minecraft.oak_stairs":340,"stat.mineBlock.minecraft.monster_egg":1,"stat.useItem.minecraft.torch":103,"stat.pickup.minecraft.crafting_table":9,"stat.useItem.minecraft.log":267,"stat.useItem.ebwizardry.spruce_bookshelf":10,"stat.craftItem.minecraft.crafting_table":4,"stat.craftItem.minecraft.boat":1,"stat.mineBlock.realistic_minerals.rubyore":8,"stat.mineBlock.ebwizardry.crystal_ore":18,"stat.mineBlock.minecraft.emerald_ore":1,"stat.pickup.minecraft.log":888,"stat.craftItem.harvestcraft.bakewareitem":1,"stat.mineBlock.realistic_minerals.blueopalore":7,"stat.pickup.minecraft.sapling":73,"stat.useItem.minecraft.birch_door":3,"stat.pickup.harvestcraft.parsnipitem":1,"stat.craftItem.harvestcraft.freshmilkitem":136,"stat.useItem.minecraft.stone_hoe":81,"stat.sneakTime":8883,"stat.mineBlock.realistic_minerals.alexandriteore":14,"stat.pickup.harvestcraft.tealeafitem":2,"stat.pickup.minecraft.yellow_flower":1,"stat.pickup.minecraft.bone":4,"stat.swimOneCm":75134,"stat.pickup.harvestcraft.artichokeitem":1,"stat.climbOneCm":1212,"stat.mineBlock.minecraft.spruce_stairs":1,"stat.enderchestOpened":6,"stat.pickup.realistic_minerals.topaz":12,"stat.useItem.minecraft.dirt":374,"stat.killEntity.betteranimalsplus.boar":10,"stat.pickup.realistic_minerals.alexandritesword":3,"stat.craftItem.minecraft.stone_pickaxe":8,"stat.pickup.minecraft.cobblestone":3901,"stat.mineBlock.minecraft.carpet":1,"stat.mineBlock.chisel.limestone2":7,"stat.useItem.chisel.limestone2":5,"stat.craftItem.minecraft.wooden_slab":84,"stat.pickup.minecraft.redstone":74,"stat.mineBlock.minecraft.iron_ore":133,"stat.useItem.minecraft.sign":2,"stat.pickup.minecraft.mutton":8,"stat.mineBlock.ebwizardry.arcane_workbench":1,"stat.pickup.minecraft.stonebrick":3,"stat.pickup.harvestcraft.bolognasandwichitem":63,"stat.pickup.ebwizardry.magic_crystal":85,"stat.useItem.minecraft.cooked_porkchop":58,"stat.pickup.minecraft.carpet":1,"stat.killEntity.betteranimalsplus.turkey":3,"stat.craftItem.minecraft.stone_slab2":0,"stat.pickup.realistic_minerals.fireopal":40,"stat.pickup.betteranimalsplus.turkey_egg":2,"stat.craftItem.minecraft.stick":228,"stat.craftItem.minecraft.stone":6,"stat.craftItem.minecraft.gold_nugget":9,"stat.mineBlock.minecraft.crafting_table":9,"stat.useItem.minecraft.carrot":15,"stat.entityKilledBy.Creeper":3,"stat.mineBlock.minecraft.planks":52,"stat.mineBlock.thaumcraft.crystal_aqua":6,"stat.craftItem.harvestcraft.potitem":1,"stat.pickup.harvestcraft.garlicitem":1,"stat.pickup.minecraft.gravel":175,"stat.useItem.minecraft.diamond_axe":79,"stat.useItem.minecraft.carpet":2,"stat.pickup.realistic_minerals.whiteopalarmorboots":2,"stat.pickup.minecraft.fence":1,"stat.pickup.minecraft.iron_helmet":6,"stat.useItem.minecraft.stone_axe":87,"stat.craftItem.minecraft.bread":19,"stat.mineBlock.harvestcraft.shadedgarden":3,"stat.craftItem.realistic_minerals.amazonitearmorlegs":1,"stat.craftItem.minecraft.iron_helmet":1,"stat.pickup.harvestcraft.bellpepperitem":2,"stat.pickup.minecraft.iron_ore":136,"stat.pickup.iceandfire.shiny_scales":6,"stat.boatOneCm":92938,"stat.pickup.harvestcraft.grilledcheeseitem":123,"stat.pickup.minecraft.leaves":131,"stat.mineBlock.minecraft.furnace":3,"stat.useItem.minecraft.wooden_pickaxe":59,"stat.pickup.iceandfire.sapphire_gem":1,"stat.pickup.minecraft.reeds":5,"stat.pickup.minecraft.prismarine_crystals":1,"stat.pickup.minecraft.oak_stairs":13,"stat.craftItem.harvestcraft.doughitem":19,"stat.damageDealt":11491,"stat.sleepInBed":20,"stat.pickup.harvestcraft.elderberryitem":1,"stat.pickup.minecraft.boat":1,"stat.walkOneCm":792126,"stat.mineBlock.realistic_minerals.amazoniteore":11,"stat.pickup.minecraft.stick":8,"stat.pickup.minecraft.clay_ball":124,"stat.mineBlock.chisel.basalt2":1,"stat.mineBlock.realistic_minerals.topazore":4,"stat.craftItem.harvestcraft.mortarandpestleitem":1,"stat.pickup.minecraft.stone":560,"stat.pickup.betteranimalsplus.pheasantraw":15,"stat.pickup.harvestcraft.zucchiniitem":1,"stat.useItem.minecraft.leaves":8,"stat.pickup.minecraft.gold_ingot":1,"stat.killEntity.Skeleton":2,"stat.killEntity.Chicken":3,"stat.mineBlock.minecraft.redstone_torch":1,"stat.killEntity.Spider":2,"stat.mineBlock.minecraft.quartz_ore":2,"stat.pickup.astralsorcery.itemcraftingcomponent":4,"stat.pickup.minecraft.quartz":8,"stat.craftItem.minecraft.fence":96,"stat.pickup.minecraft.water_bucket":5,"stat.mineBlock.minecraft.leaves":234,"stat.pickup.minecraft.spruce_stairs":1,"stat.mineBlock.minecraft.redstone_ore":17,"stat.mineBlock.realistic_minerals.garnetore":10,"stat.craftItem.harvestcraft.grilledcheeseitem":19,"stat.craftItem.minecraft.brick":27,"stat.mineBlock.minecraft.stone":2658}