{"stat.chestOpened":2,"stat.killEntity.BrainyZombie":1,"stat.useItem.harvestcraft.rhubarbitem":1,"stat.drop.minecraft.wooden_pickaxe":1,"stat.mineBlock.ebwizardry.crystal_flower":5,"stat.killEntity.betteranimalsplus.goat":1,"stat.useItem.harvestcraft.tealeafitem":2,"stat.pickup.harvestcraft.blackberryitem":2,"stat.jump":585,"stat.swimOneCm":3397,"stat.pickup.minecraft.coal":26,"stat.fallOneCm":17113,"stat.climbOneCm":1149,"stat.useItem.minecraft.stone_axe":48,"stat.pickup.minecraft.porkchop":12,"stat.crouchOneCm":1807,"stat.mineBlock.harvestcraft.shadedgarden":7,"stat.pickup.minecraft.spider_eye":1,"stat.craftItem.minecraft.torch":4,"stat.drop.minecraft.melon":11,"stat.pickup.minecraft.dirt":3,"stat.useItem.minecraft.dirt":1,"stat.useItem.minecraft.stone_slab2":12,"stat.pickup.minecraft.melon":26,"stat.pickup.harvestcraft.seaweeditem":1,"stat.craftingTableInteraction":7,"stat.pickup.minecraft.rotten_flesh":3,"stat.craftItem.minecraft.furnace":2,"stat.pickup.harvestcraft.grilledcheeseitem":64,"stat.craftItem.minecraft.stone_axe":2,"stat.pickup.minecraft.leather":5,"stat.damageTaken":978,"stat.pickup.harvestcraft.sweetpotatoitem":1,"stat.pickup.minecraft.feather":6,"stat.craftItem.minecraft.stone_pickaxe":2,"stat.mineBlock.minecraft.melon_block":5,"stat.mineBlock.minecraft.furnace":2,"stat.useItem.minecraft.wooden_pickaxe":36,"stat.mineBlock.harvestcraft.pamcherry":1,"stat.pickup.minecraft.cobblestone":36,"stat.pickup.ebwizardry.crystal_flower":5,"stat.pickup.minecraft.reeds":3,"stat.flyOneCm":90773,"stat.pickup.harvestcraft.radishitem":2,"stat.pickup.harvestcraft.cranberryitem":2,"stat.entityKilledBy.firedragon":1,"stat.useItem.harvestcraft.whitemushroomitem":1,"stat.useItem.minecraft.stone_pickaxe":35,"stat.pickup.harvestcraft.scallionitem":1,"stat.damageDealt":2270,"stat.pickup.harvestcraft.leekitem":1,"stat.useItem.minecraft.wool":1,"stat.timeSinceDeath":18571,"stat.pickup.iceandfire.dragon_ice_spikes":6,"stat.killEntity.Cow":4,"stat.useItem.iceandfire.dragon_ice_spikes":5,"stat.mineBlock.minecraft.dirt":4,"stat.craftItem.minecraft.wooden_pickaxe":2,"stat.killEntity.Pig":4,"stat.pickup.minecraft.mutton":6,"stat.drop.harvestcraft.grilledcheeseitem":64,"stat.pickup.harvestcraft.rhubarbitem":1,"stat.pickup.astralsorcery.itemjournal":1,"stat.walkOneCm":118529,"stat.craftItem.minecraft.bed":1,"stat.useItem.minecraft.torch":1,"stat.pickup.harvestcraft.whitemushroomitem":3,"stat.pickup.harvestcraft.beanitem":1,"stat.pickup.minecraft.stick":10,"stat.useItem.harvestcraft.spiceleafitem":1,"stat.pickup.minecraft.crafting_table":5,"stat.pickup.harvestcraft.greengrapeitem":1,"stat.useItem.minecraft.log":1,"stat.useItem.minecraft.cobblestone":1,"stat.craftItem.minecraft.crafting_table":2,"stat.furnaceInteraction":2,"stat.pickup.harvestcraft.cherryitem":2,"stat.pickup.iceandfire.dragon_skull":1,"stat.mineBlock.minecraft.coal_ore":22,"stat.pickup.minecraft.log":31,"stat.pickup.minecraft.string":2,"stat.pickup.harvestcraft.turnipitem":1,"stat.useItem.harvestcraft.sweetpotatoitem":1,"stat.useItem.minecraft.melon":15,"stat.drop.minecraft.chicken":3,"stat.pickup.minecraft.beef":12,"stat.pickup.minecraft.furnace":2,"stat.useItem.minecraft.cooked_mutton":3,"stat.pickup.harvestcraft.spiceleafitem":1,"stat.craftItem.minecraft.stone_slab2":0,"stat.useItem.harvestcraft.scallionitem":1,"stat.mineBlock.minecraft.wool":1,"stat.pickup.minecraft.chicken":3,"stat.pickup.harvestcraft.zucchiniitem":2,"stat.pickup.minecraft.sapling":2,"stat.sprintOneCm":58037,"stat.craftItem.minecraft.stick":28,"stat.craftItem.minecraft.planks":116,"stat.killEntity.Chicken":4,"stat.mineBlock.minecraft.crafting_table":4,"stat.killEntity.Spider":2,"stat.mobKills":21,"stat.mineBlock.minecraft.log":31,"stat.pickup.iceandfire.dragonbone":20,"stat.deaths":2,"stat.drop":4,"stat.mineBlock.minecraft.leaves":5,"stat.playOneMinute":32763,"stat.pickup.harvestcraft.juteitem":2,"stat.mineBlock.iceandfire.dragon_ice_spikes":6,"stat.killEntity.Sheep":3,"stat.killEntity.ebwizardry:remnant":1,"stat.useItem.harvestcraft.zucchiniitem":1,"stat.pickup.thaumcraft.brain":1,"stat.sneakTime":664,"stat.pickup.harvestcraft.tealeafitem":2,"stat.pickup.minecraft.wool":4,"stat.killEntity.Zombie":1,"stat.mineBlock.harvestcraft.soggygarden":1,"stat.mineBlock.minecraft.stone":36,"stat.mineBlock.minecraft.tallgrass":2,"stat.craftItem.minecraft.cooked_mutton":5,"stat.diveOneCm":340,"stat.pickup.harvestcraft.garlicitem":1}