{"stat.pickup.astralsorcery.itemjournal":1,"stat.walkOneCm":75791,"stat.pickup.harvestcraft.whitemushroomitem":1,"stat.pickup.minecraft.stick":10,"stat.pickup.minecraft.crafting_table":3,"stat.pickup.harvestcraft.greengrapeitem":1,"stat.craftItem.minecraft.crafting_table":2,"stat.pickup.harvestcraft.cherryitem":2,"stat.pickup.iceandfire.dragon_skull":1,"stat.useItem.harvestcraft.tealeafitem":1,"stat.pickup.minecraft.log":29,"stat.jump":348,"stat.swimOneCm":1417,"stat.fallOneCm":10224,"stat.pickup.minecraft.beef":12,"stat.useItem.minecraft.stone_axe":19,"stat.pickup.minecraft.porkchop":12,"stat.crouchOneCm":1807,"stat.mineBlock.harvestcraft.shadedgarden":1,"stat.pickup.harvestcraft.zucchiniitem":1,"stat.pickup.minecraft.sapling":2,"stat.pickup.minecraft.dirt":3,"stat.useItem.minecraft.dirt":1,"stat.sprintOneCm":33108,"stat.useItem.minecraft.stone_slab2":7,"stat.pickup.harvestcraft.seaweeditem":1,"stat.craftItem.minecraft.stick":28,"stat.craftingTableInteraction":4,"stat.craftItem.minecraft.furnace":2,"stat.pickup.harvestcraft.grilledcheeseitem":64,"stat.craftItem.minecraft.planks":108,"stat.craftItem.minecraft.stone_axe":2,"stat.mineBlock.minecraft.crafting_table":2,"stat.pickup.minecraft.leather":2,"stat.damageTaken":610,"stat.craftItem.minecraft.stone_pickaxe":2,"stat.useItem.minecraft.wooden_pickaxe":36,"stat.mineBlock.harvestcraft.pamcherry":1,"stat.pickup.minecraft.cobblestone":28,"stat.mobKills":9,"stat.mineBlock.minecraft.log":29,"stat.pickup.iceandfire.dragonbone":20,"stat.flyOneCm":55544,"stat.pickup.harvestcraft.cranberryitem":2,"stat.deaths":2,"stat.entityKilledBy.firedragon":1,"stat.drop":1,"stat.mineBlock.minecraft.leaves":4,"stat.playOneMinute":20163,"stat.useItem.minecraft.stone_pickaxe":1,"stat.mineBlock.iceandfire.dragon_ice_spikes":6,"stat.useItem.harvestcraft.whitemushroomitem":1,"stat.killEntity.Sheep":1,"stat.useItem.harvestcraft.zucchiniitem":1,"stat.sneakTime":664,"stat.pickup.harvestcraft.tealeafitem":1,"stat.damageDealt":880,"stat.timeSinceDeath":5971,"stat.mineBlock.harvestcraft.soggygarden":1,"stat.pickup.iceandfire.dragon_ice_spikes":6,"stat.killEntity.Cow":4,"stat.useItem.iceandfire.dragon_ice_spikes":5,"stat.mineBlock.minecraft.dirt":4,"stat.craftItem.minecraft.wooden_pickaxe":2,"stat.mineBlock.minecraft.stone":28,"stat.killEntity.Pig":4,"stat.mineBlock.minecraft.tallgrass":1,"stat.diveOneCm":340,"stat.drop.harvestcraft.grilledcheeseitem":64}