{"stat.chestOpened":2,"stat.drop.minecraft.stone_pickaxe":1,"stat.drop.minecraft.mutton":2,"stat.killEntity.BrainyZombie":1,"stat.useItem.harvestcraft.rhubarbitem":1,"stat.drop.minecraft.wooden_pickaxe":1,"stat.mineBlock.ebwizardry.crystal_flower":5,"stat.mineBlock.minecraft.cobblestone":1,"stat.killEntity.betteranimalsplus.goat":1,"stat.useItem.harvestcraft.tealeafitem":2,"stat.pickup.harvestcraft.blackberryitem":2,"stat.jump":758,"stat.swimOneCm":6360,"stat.pickup.minecraft.coal":114,"stat.fallOneCm":23303,"stat.climbOneCm":2067,"stat.craftItem.minecraft.shield":1,"stat.useItem.minecraft.stone_axe":58,"stat.pickup.minecraft.porkchop":12,"stat.crouchOneCm":1863,"stat.mineBlock.harvestcraft.shadedgarden":7,"stat.pickup.minecraft.spider_eye":1,"stat.craftItem.minecraft.torch":4,"stat.craftItem.minecraft.iron_ingot":6,"stat.drop.minecraft.melon":11,"stat.pickup.minecraft.dirt":7,"stat.useItem.minecraft.dirt":4,"stat.useItem.minecraft.stone_slab2":16,"stat.pickup.minecraft.melon":54,"stat.pickup.harvestcraft.seaweeditem":1,"stat.craftingTableInteraction":10,"stat.pickup.minecraft.iron_ore":14,"stat.pickup.minecraft.rotten_flesh":3,"stat.craftItem.minecraft.furnace":2,"stat.pickup.harvestcraft.grilledcheeseitem":64,"stat.craftItem.minecraft.stone_axe":2,"stat.pickup.minecraft.leather":5,"stat.damageTaken":1048,"stat.pickup.harvestcraft.sweetpotatoitem":1,"stat.pickup.minecraft.feather":6,"stat.craftItem.minecraft.stone_pickaxe":2,"stat.mineBlock.minecraft.melon_block":11,"stat.mineBlock.minecraft.furnace":3,"stat.useItem.minecraft.wooden_pickaxe":36,"stat.mineBlock.harvestcraft.pamcherry":1,"stat.pickup.minecraft.cobblestone":75,"stat.pickup.ebwizardry.crystal_flower":5,"stat.pickup.minecraft.planks":1,"stat.pickup.minecraft.reeds":7,"stat.mineBlock.chisel.limestone2":3,"stat.flyOneCm":124443,"stat.pickup.harvestcraft.radishitem":2,"stat.pickup.harvestcraft.cranberryitem":2,"stat.entityKilledBy.firedragon":1,"stat.pickup.realistic_minerals.amazonite":6,"stat.useItem.harvestcraft.whitemushroomitem":1,"stat.useItem.minecraft.stone_pickaxe":92,"stat.pickup.harvestcraft.scallionitem":1,"stat.damageDealt":2330,"stat.pickup.harvestcraft.leekitem":1,"stat.useItem.minecraft.wool":1,"stat.mineBlock.minecraft.iron_ore":15,"stat.timeSinceDeath":31171,"stat.pickup.iceandfire.dragon_ice_spikes":6,"stat.killEntity.Cow":4,"stat.useItem.iceandfire.dragon_ice_spikes":5,"stat.mineBlock.minecraft.dirt":8,"stat.useItem.minecraft.iron_pickaxe":59,"stat.craftItem.minecraft.wooden_pickaxe":2,"stat.killEntity.Pig":4,"stat.pickup.minecraft.mutton":8,"stat.craftItem.minecraft.iron_sword":1,"stat.drop.harvestcraft.grilledcheeseitem":64,"stat.pickup.harvestcraft.rhubarbitem":1,"stat.pickup.astralsorcery.itemjournal":1,"stat.craftItem.ebwizardry.magic_crystal":10,"stat.walkOneCm":150237,"stat.craftItem.minecraft.bed":1,"stat.useItem.minecraft.torch":2,"stat.pickup.harvestcraft.whitemushroomitem":3,"stat.mineBlock.realistic_minerals.amazoniteore":2,"stat.pickup.harvestcraft.beanitem":1,"stat.pickup.minecraft.stick":12,"stat.useItem.harvestcraft.spiceleafitem":1,"stat.pickup.minecraft.crafting_table":6,"stat.pickup.harvestcraft.greengrapeitem":1,"stat.useItem.minecraft.log":1,"stat.useItem.minecraft.cobblestone":4,"stat.craftItem.minecraft.crafting_table":2,"stat.furnaceInteraction":7,"stat.pickup.harvestcraft.cherryitem":2,"stat.pickup.iceandfire.dragon_skull":1,"stat.mineBlock.minecraft.coal_ore":77,"stat.drop.minecraft.wool":2,"stat.useItem.harvestcraft.leekitem":1,"stat.pickup.minecraft.log":31,"stat.pickup.minecraft.string":3,"stat.pickup.harvestcraft.turnipitem":1,"stat.useItem.harvestcraft.sweetpotatoitem":1,"stat.useItem.minecraft.melon":23,"stat.drop.minecraft.chicken":3,"stat.pickup.minecraft.beef":12,"stat.pickup.minecraft.furnace":3,"stat.useItem.minecraft.cooked_mutton":5,"stat.pickup.harvestcraft.spiceleafitem":1,"stat.craftItem.minecraft.stone_slab2":0,"stat.useItem.harvestcraft.scallionitem":1,"stat.useItem.realistic_minerals.amazoniteaxe":3,"stat.mineBlock.minecraft.wool":1,"stat.pickup.minecraft.chicken":3,"stat.pickup.harvestcraft.zucchiniitem":2,"stat.pickup.minecraft.sapling":2,"stat.sprintOneCm":74020,"stat.craftItem.minecraft.stick":32,"stat.craftItem.minecraft.planks":116,"stat.useItem.minecraft.iron_sword":1,"stat.killEntity.Chicken":4,"stat.mineBlock.minecraft.fence":2,"stat.mineBlock.minecraft.crafting_table":6,"stat.killEntity.Spider":2,"stat.mobKills":21,"stat.mineBlock.minecraft.log":31,"stat.pickup.iceandfire.dragonbone":20,"stat.deaths":2,"stat.craftItem.realistic_minerals.amazoniteaxe":1,"stat.drop":8,"stat.mineBlock.minecraft.leaves":9,"stat.playOneMinute":45363,"stat.pickup.harvestcraft.juteitem":2,"stat.mineBlock.iceandfire.dragon_ice_spikes":6,"stat.killEntity.Sheep":3,"stat.killEntity.ebwizardry:remnant":1,"stat.useItem.harvestcraft.zucchiniitem":2,"stat.pickup.thaumcraft.brain":1,"stat.sneakTime":679,"stat.pickup.harvestcraft.tealeafitem":2,"stat.craftItem.minecraft.iron_pickaxe":1,"stat.pickup.minecraft.wool":6,"stat.drop.minecraft.stone_axe":1,"stat.killEntity.Zombie":1,"stat.mineBlock.harvestcraft.soggygarden":1,"stat.mineBlock.realistic_minerals.blacktourmalineore":1,"stat.mineBlock.minecraft.stone":74,"stat.mineBlock.minecraft.tallgrass":8,"stat.craftItem.minecraft.cooked_mutton":5,"stat.diveOneCm":1823,"stat.pickup.harvestcraft.garlicitem":1}