{"stat.useItem.harvestcraft.huckleberryitem":1,"stat.useItem.harvestcraft.rhubarbitem":16,"stat.pickup.betteranimalsplus.antler":2,"stat.leaveGame":8,"stat.mineBlock.ebwizardry.crystal_flower":1,"stat.mineBlock.thaumcraft.ore_quartz":3,"stat.killEntity.betteranimalsplus.goat":6,"stat.pickup.harvestcraft.huckleberryitem":1,"stat.pickup.ebwizardry.spell_book":9,"stat.useItem.minecraft.mutton":12,"stat.craftItem.minecraft.shield":1,"stat.useItem.minecraft.planks":236,"stat.pickup.minecraft.porkchop":5,"stat.pickup.betteranimalsplus.wolf_pelt_snowy":2,"stat.mineBlock.astralsorcery.blockcustomflower":1,"stat.mineBlock.thaumcraft.log_greatwood":94,"stat.pickup.minecraft.rotten_flesh":20,"stat.craftItem.minecraft.golden_apple":2,"stat.pickup.minecraft.sand":32,"stat.useItem.minecraft.golden_sword":12,"stat.craftItem.minecraft.stone_axe":1,"stat.pickup.harvestcraft.sweetpotatoitem":74,"stat.craftItem.minecraft.stone_sword":2,"stat.killEntity.betteranimalsplus.brownbear":1,"stat.pickup.harvestcraft.radishitem":42,"stat.entityKilledBy.firedragon":6,"stat.mineBlock.minecraft.sand":32,"stat.pickup.iceandfire.ash":16,"stat.mineBlock.realistic_minerals.fluoriteore":2,"stat.pickup.harvestcraft.scallionitem":55,"stat.pickup.betteranimalsplus.eel_meat_raw":9,"stat.drop.ebwizardry.spell_book":5,"stat.useItem.minecraft.iron_pickaxe":117,"stat.drop.minecraft.golden_sword":1,"stat.craftItem.minecraft.wooden_pickaxe":3,"stat.pickup.harvestcraft.rhubarbitem":38,"stat.pickup.astralsorcery.itemjournal":1,"stat.craftItem.minecraft.bed":1,"stat.craftItem.minecraft.glass_pane":16,"stat.mineBlock.chisel.marble2":5,"stat.furnaceInteraction":57,"stat.pickup.harvestcraft.cherryitem":2,"stat.killEntity.ZombieVillager":1,"stat.useItem.harvestcraft.leekitem":11,"stat.pickup.harvestcraft.spinachitem":2,"stat.pickup.harvestcraft.turnipitem":50,"stat.pickup.minecraft.beef":19,"stat.pickup.minecraft.furnace":2,"stat.useItem.realistic_minerals.amazoniteaxe":89,"stat.pickup.realistic_minerals.blacktourmaline":16,"stat.craftItem.realistic_minerals.amazonitearmorbody":1,"stat.useItem.harvestcraft.blackberryitem":22,"stat.pickup.thaumcraft.crystal_essence":11,"stat.useItem.minecraft.wheat_seeds":4,"stat.mineBlock.astralsorcery.blockmarble":5,"stat.pickup.thaumcraft.nugget":1,"stat.useItem.spartanweaponry.halberd_iron":4,"stat.useItem.tombstone.scroll_of_knowledge":1,"stat.useItem.harvestcraft.beanitem":7,"stat.deaths":26,"stat.pickup.minecraft.egg":3,"stat.playOneMinute":331475,"stat.craftItem.realistic_minerals.amazonitearmorhelmet":1,"stat.craftItem.minecraft.iron_pickaxe":1,"stat.mineBlock.realistic_minerals.blacktourmalineore":8,"stat.pickup.chisel.marble2":5,"stat.mineBlock.minecraft.tallgrass":34,"stat.pickup.harvestcraft.cottonitem":4,"stat.chestOpened":44,"stat.useItem.thaumcraft.sapling_greatwood":1,"stat.pickup.harvestcraft.tomatoitem":55,"stat.useItem.minecraft.fish":1,"stat.useItem.minecraft.stone":2,"stat.pickup.minecraft.arrow":6,"stat.pickup.realistic_minerals.fluorite":2,"stat.pickup.betteranimalsplus.venisonraw":2,"stat.useItem.realistic_minerals.amazonitesword":150,"stat.pickup.minecraft.gold_nugget":179,"stat.drop.harvestcraft.scallionitem":2,"stat.pickup.thaumcraft.sapling_greatwood":9,"stat.useItem.harvestcraft.grilledcheeseitem":6,"stat.pickup.realistic_minerals.amazonitesword":2,"stat.fallOneCm":163470,"stat.mineBlock.harvestcraft.pamhazelnut":1,"stat.pickup.betteranimalsplus.bear_skin_brown":1,"stat.drop.minecraft.stone_sword":1,"stat.crouchOneCm":74511,"stat.craftItem.minecraft.chest":5,"stat.craftItem.minecraft.iron_ingot":58,"stat.pickup.minecraft.red_mushroom":3,"stat.pickup.minecraft.melon":10,"stat.craftingTableInteraction":95,"stat.entityKilledBy.ebwizardry:evil_wizard":1,"stat.mineBlock.harvestcraft.pamnutmeg":1,"stat.pickup.minecraft.wooden_pickaxe":2,"stat.useItem.chisel.marble2":2,"stat.mineBlock.thaumcraft.leaves_greatwood":469,"stat.pickup.minecraft.planks":416,"stat.pickup.chisel.limestone2":4,"stat.pickup.minecraft.wheat_seeds":19,"stat.drop.iceandfire.chain_link":1,"stat.pickup.realistic_minerals.amazonite":33,"stat.mineBlock.minecraft.gravel":3,"stat.useItem.minecraft.stone_pickaxe":218,"stat.useItem.minecraft.stone_sword":31,"stat.craftItem.minecraft.iron_leggings":1,"stat.useItem.minecraft.wool":1,"stat.pickup.iceandfire.dragon_ice_spikes":1,"stat.mineBlock.minecraft.dirt":36,"stat.pickup.realistic_minerals.amazoniteaxe":2,"stat.useItem.minecraft.torch":31,"stat.useItem.minecraft.bread":1,"stat.drop.tombstone.crafting_ingredient":1,"stat.pickup.minecraft.iron_nugget":3,"stat.useItem.harvestcraft.spiceleafitem":28,"stat.pickup.minecraft.crafting_table":10,"stat.useItem.minecraft.cobblestone":76,"stat.craftItem.minecraft.crafting_table":12,"stat.mineBlock.thaumcraft.crystal_aer":1,"stat.pickup.harvestcraft.peasitem":6,"stat.pickup.minecraft.log":258,"stat.pickup.harvestcraft.hazelnutitem":3,"stat.useItem.harvestcraft.sweetpotatoitem":19,"stat.mineBlock.harvestcraft.pammaple":5,"stat.mineBlock.thaumcraft.crystal_terra":2,"stat.craftItem.usefulbackpacks.backpack":1,"stat.craftItem.minecraft.gold_ingot":20,"stat.drop.minecraft.planks":1,"stat.pickup.minecraft.sapling":23,"stat.drop.inventorypets.dirt_pet":1,"stat.pickup.minecraft.apple":3,"stat.useItem.minecraft.glass_pane":5,"stat.mineBlock.iceandfire.goldpile":32,"stat.craftItem.minecraft.planks":709,"stat.useItem.minecraft.iron_sword":50,"stat.pickup.minecraft.stone_sword":1,"stat.pickup.harvestcraft.rutabagaitem":3,"stat.mineBlock.minecraft.log":179,"stat.pickup.minecraft.golden_sword":1,"stat.craftItem.realistic_minerals.amazoniteaxe":1,"stat.pickup.harvestcraft.juteitem":51,"stat.mineBlock.iceandfire.dragon_ice_spikes":1,"stat.pickup.minecraft.red_flower":9,"stat.pickup.harvestcraft.tealeafitem":69,"stat.sneakTime":21739,"stat.pickup.thaumcraft.amber":5,"stat.pickup.minecraft.wool":17,"stat.craftItem.thaumcraft.plank_greatwood":256,"stat.useItem.minecraft.wooden_axe":248,"stat.pickup.minecraft.yellow_flower":1,"stat.pickup.harvestcraft.avocadoitem":2,"stat.pickup.thaumcraft.log_greatwood":97,"stat.mineBlock.thaumcraft.ore_cinnabar":5,"stat.cakeSlicesEaten":16,"stat.pickup.minecraft.bone":8,"stat.useItem.harvestcraft.garlicitem":10,"stat.mineBlock.minecraft.cobblestone":4,"stat.drop.minecraft.red_mushroom":1,"stat.useItem.harvestcraft.hazelnutitem":2,"stat.useItem.harvestcraft.tealeafitem":11,"stat.mineBlock.minecraft.stained_glass_pane":1,"stat.swimOneCm":119940,"stat.drop.betteranimalsplus.eel_meat_raw":4,"stat.climbOneCm":30929,"stat.mineBlock.thaumcraft.ore_amber":3,"stat.useItem.minecraft.dirt":24,"stat.useItem.harvestcraft.tomatoitem":23,"stat.killEntity.betteranimalsplus.boar":2,"stat.useItem.minecraft.stone_slab2":71,"stat.pickup.inventorypets.nugget_lapis":8,"stat.craftItem.minecraft.furnace":3,"stat.craftItem.realistic_minerals.amazonitearmorboots":1,"stat.pickup.harvestcraft.broccoliitem":1,"stat.craftItem.minecraft.iron_boots":1,"stat.pickup.iceandfire.chain_link":1,"stat.craftItem.minecraft.stone_pickaxe":4,"stat.craftItem.minecraft.cooked_beef":19,"stat.pickup.minecraft.cobblestone":136,"stat.useItem.harvestcraft.juteitem":13,"stat.mineBlock.chisel.limestone2":4,"stat.flyOneCm":1247669,"stat.pickup.inventorypets.dirt_pet":3,"stat.craftItem.minecraft.golden_axe":3,"stat.pickup.minecraft.fish":1,"stat.killEntity.betteranimalsplus.deer":1,"stat.drop.minecraft.wheat_seeds":8,"stat.useItem.harvestcraft.whitemushroomitem":28,"stat.useItem.minecraft.cooked_beef":4,"stat.pickup.harvestcraft.leekitem":81,"stat.mineBlock.minecraft.iron_ore":60,"stat.timeSinceDeath":41152,"stat.useItem.thaumcraft.plank_greatwood":199,"stat.pickup.minecraft.mutton":43,"stat.craftItem.ebwizardry.magic_crystal":2,"stat.drop.betteranimalsplus.bear_skin_brown":1,"stat.pickup.harvestcraft.whitemushroomitem":49,"stat.pickup.harvestcraft.beanitem":52,"stat.pickup.ebwizardry.magic_crystal":5,"stat.mineBlock.thaumcraft.plank_greatwood":81,"stat.mineBlock.minecraft.coal_ore":115,"stat.killEntity.Creeper":1,"stat.talkedToVillager":1,"stat.pickup.minecraft.string":10,"stat.mineBlock.minecraft.ladder":1,"stat.useItem.astralsorcery.blockmarble":1,"stat.pickup.tombstone.crafting_ingredient":9,"stat.entityKilledBy.Skeleton":3,"stat.craftItem.minecraft.stone_slab2":0,"stat.useItem.minecraft.golden_axe":98,"stat.useItem.minecraft.written_book":2,"stat.sprintOneCm":1395828,"stat.craftItem.minecraft.stick":374,"stat.craftItem.minecraft.wooden_axe":5,"stat.killEntity.ebwizardry:evil_wizard":1,"stat.mineBlock.minecraft.crafting_table":10,"stat.pickup.harvestcraft.quinoaitem":2,"stat.useItem.harvestcraft.turnipitem":29,"stat.entityKilledBy.Creeper":1,"stat.useItem.betteranimalsplus.venisonraw":2,"stat.mineBlock.minecraft.planks":15,"stat.craftItem.minecraft.golden_sword":4,"stat.drop":34,"stat.useItem.minecraft.wooden_sword":42,"stat.killEntity.Sheep":14,"stat.drop.tombstone.grave_key":3,"stat.useItem.spartanweaponry.longsword_iron":11,"stat.useItem.harvestcraft.zucchiniitem":19,"stat.useItem.minecraft.ladder":71,"stat.pickup.tombstone.grave_key":1,"stat.killEntity.Zombie":14,"stat.diveOneCm":183873,"stat.pickup.harvestcraft.garlicitem":46,"stat.pickup.minecraft.wheat":8,"stat.craftItem.minecraft.ladder":93,"stat.killEntity.BrainyZombie":2,"stat.pickup.thaumcraft.curio":1,"stat.pickup.minecraft.gravel":1,"stat.useItem.minecraft.apple":1,"stat.pickup.harvestcraft.ryeitem":3,"stat.pickup.harvestcraft.kohlrabiitem":2,"stat.useItem.minecraft.rotten_flesh":1,"stat.drop.minecraft.apple":1,"stat.pickup.harvestcraft.blackberryitem":44,"stat.jump":6283,"stat.pickup.minecraft.coal":133,"stat.pickup.minecraft.iron_ingot":2,"stat.useItem.minecraft.stone_axe":1,"stat.pickup.minecraft.gunpowder":4,"stat.pickup.iceandfire.chared_stone":1,"stat.mineBlock.harvestcraft.shadedgarden":234,"stat.pickup.minecraft.spider_eye":2,"stat.craftItem.minecraft.torch":64,"stat.pickup.thaumcraft.plank_greatwood":78,"stat.pickup.minecraft.dirt":66,"stat.craftItem.realistic_minerals.amazonitearmorlegs":1,"stat.mineBlock.harvestcraft.frostgarden":11,"stat.pickup.minecraft.iron_ore":59,"stat.useItem.minecraft.sapling":5,"stat.pickup.harvestcraft.grilledcheeseitem":64,"stat.pickup.minecraft.leaves":11,"stat.mineBlock.minecraft.glass_pane":1,"stat.damageTaken":9700,"stat.pickup.minecraft.leather":22,"stat.pickup.ebwizardry.scroll":10,"stat.mineBlock.minecraft.furnace":2,"stat.mineBlock.minecraft.torch":1,"stat.pickup.minecraft.written_book":1,"stat.mineBlock.minecraft.red_flower":1,"stat.useItem.minecraft.wooden_pickaxe":46,"stat.dispenserInspected":1,"stat.useItem.harvestcraft.radishitem":8,"stat.pickup.ebwizardry.crystal_flower":1,"stat.entityKilledBy.ZombieVillager":1,"stat.killEntity.CaveSpider":3,"stat.pickup.minecraft.bed":2,"tombstone:undead_killed":21,"stat.entityKilledBy.Zombie":1,"stat.damageDealt":10778,"stat.craftItem.minecraft.glass":7,"stat.killEntity.Wisp":1,"stat.sleepInBed":3,"stat.pickup.harvestcraft.oatsitem":1,"stat.killEntity.Cow":8,"stat.craftItem.minecraft.iron_sword":1,"stat.walkOneCm":813037,"stat.animalsBred":1,"stat.mineBlock.realistic_minerals.amazoniteore":11,"stat.useItem.minecraft.chest":2,"stat.pickup.minecraft.stick":142,"stat.pickup.harvestcraft.cabbageitem":1,"stat.pickup.harvestcraft.celeryitem":4,"stat.useItem.minecraft.melon":21,"stat.useItem.tombstone.gift":1,"stat.pickup.harvestcraft.spiceleafitem":46,"stat.useItem.harvestcraft.scallionitem":27,"stat.pickup.minecraft.stone":13,"stat.craftItem.minecraft.iron_chestplate":1,"stat.useItem.betteranimalsplus.eel_meat_raw":1,"stat.pickup.harvestcraft.zucchiniitem":76,"stat.pickup.minecraft.ladder":52,"stat.killEntity.Skeleton":4,"stat.entityKilledBy.betteranimalsplus.feralwolf":1,"stat.killEntity.Pech":1,"stat.pickup.thaumcraft.ore_cinnabar":5,"stat.killEntity.Spider":1,"stat.useItem.harvestcraft.avocadoitem":2,"stat.craftItem.realistic_minerals.amazonitesword":1,"stat.pickup.astralsorcery.itemcraftingcomponent":4,"stat.useItem.thaumcraft.log_greatwood":13,"stat.killEntity.betteranimalsplus.lamprey":1,"stat.mobKills":70,"stat.pickup.minecraft.quartz":2,"stat.pickup.harvestcraft.orangeitem":2,"stat.useItem.minecraft.golden_apple":2,"stat.drop.minecraft.written_book":3,"stat.mineBlock.minecraft.leaves":71,"stat.pickup.harvestcraft.raspberryitem":2,"stat.pickup.minecraft.torch":45,"stat.pickup.realistic_minerals.garnetfragments":8,"stat.pickup.thaumcraft.brain":2,"stat.mineBlock.realistic_minerals.garnetore":4,"stat.mineBlock.astralsorcery.blockcustomsandore":1,"stat.pickup.astralsorcery.blockmarble":5,"stat.craftItem.thaumcraft.quicksilver":5,"stat.pickup.harvestcraft.beetitem":2,"stat.mineBlock.minecraft.stone":145}