{"stat.cakeSlicesEaten":9,"stat.chestOpened":6,"stat.pickup.harvestcraft.tomatoitem":25,"stat.useItem.harvestcraft.rhubarbitem":5,"stat.leaveGame":1,"stat.mineBlock.ebwizardry.crystal_flower":1,"stat.mineBlock.minecraft.cobblestone":1,"stat.useItem.harvestcraft.hazelnutitem":2,"stat.useItem.harvestcraft.tealeafitem":1,"stat.mineBlock.minecraft.stained_glass_pane":1,"stat.pickup.harvestcraft.blackberryitem":14,"stat.jump":1146,"stat.swimOneCm":22005,"stat.pickup.minecraft.coal":32,"stat.fallOneCm":26732,"stat.climbOneCm":621,"stat.mineBlock.harvestcraft.pamhazelnut":1,"stat.useItem.minecraft.stone_axe":1,"stat.drop.minecraft.stone_sword":1,"stat.pickup.minecraft.porkchop":2,"stat.crouchOneCm":43,"stat.pickup.iceandfire.chared_stone":1,"stat.mineBlock.harvestcraft.shadedgarden":87,"stat.craftItem.minecraft.torch":32,"stat.pickup.minecraft.dirt":4,"stat.useItem.minecraft.dirt":2,"stat.useItem.harvestcraft.tomatoitem":9,"stat.killEntity.betteranimalsplus.boar":1,"stat.useItem.minecraft.stone_slab2":4,"stat.mineBlock.astralsorcery.blockcustomflower":1,"stat.craftingTableInteraction":4,"stat.mineBlock.harvestcraft.pamnutmeg":1,"stat.craftItem.minecraft.stone_axe":1,"stat.pickup.harvestcraft.sweetpotatoitem":33,"stat.damageTaken":3170,"stat.craftItem.minecraft.stone_pickaxe":1,"stat.useItem.minecraft.wooden_pickaxe":18,"stat.dispenserInspected":1,"stat.pickup.minecraft.cobblestone":12,"stat.pickup.ebwizardry.crystal_flower":1,"stat.craftItem.minecraft.stone_sword":1,"stat.flyOneCm":219427,"stat.pickup.harvestcraft.radishitem":16,"stat.entityKilledBy.firedragon":1,"stat.pickup.minecraft.wheat_seeds":2,"stat.pickup.iceandfire.ash":13,"stat.entityKilledBy.Zombie":1,"stat.useItem.minecraft.stone_pickaxe":15,"stat.useItem.harvestcraft.whitemushroomitem":9,"stat.pickup.harvestcraft.scallionitem":8,"stat.pickup.harvestcraft.leekitem":37,"stat.damageDealt":948,"stat.useItem.minecraft.wool":1,"stat.sleepInBed":1,"stat.timeSinceDeath":523,"stat.pickup.iceandfire.dragon_ice_spikes":1,"stat.mineBlock.minecraft.dirt":4,"stat.craftItem.minecraft.wooden_pickaxe":1,"stat.pickup.minecraft.mutton":7,"stat.pickup.harvestcraft.rhubarbitem":14,"stat.pickup.astralsorcery.itemjournal":1,"stat.craftItem.ebwizardry.magic_crystal":2,"stat.walkOneCm":116351,"stat.pickup.harvestcraft.whitemushroomitem":24,"stat.pickup.harvestcraft.beanitem":17,"stat.useItem.harvestcraft.spiceleafitem":12,"stat.pickup.minecraft.crafting_table":1,"stat.craftItem.minecraft.crafting_table":3,"stat.furnaceInteraction":2,"stat.pickup.harvestcraft.cherryitem":2,"stat.pickup.ebwizardry.magic_crystal":5,"stat.mineBlock.minecraft.coal_ore":20,"stat.pickup.minecraft.log":10,"stat.pickup.harvestcraft.hazelnutitem":3,"stat.pickup.harvestcraft.turnipitem":16,"stat.useItem.harvestcraft.sweetpotatoitem":7,"stat.pickup.harvestcraft.spiceleafitem":29,"stat.entityKilledBy.Skeleton":1,"stat.pickup.harvestcraft.zucchiniitem":38,"stat.sprintOneCm":276635,"stat.craftItem.minecraft.stick":24,"stat.killEntity.ebwizardry:evil_wizard":1,"stat.entityKilledBy.betteranimalsplus.feralwolf":1,"stat.craftItem.minecraft.planks":40,"stat.mineBlock.minecraft.crafting_table":1,"stat.useItem.harvestcraft.avocadoitem":2,"stat.pickup.minecraft.stone_sword":1,"stat.pickup.astralsorcery.itemcraftingcomponent":4,"stat.useItem.harvestcraft.turnipitem":5,"stat.mobKills":6,"stat.mineBlock.minecraft.log":10,"stat.deaths":11,"stat.drop":1,"stat.mineBlock.minecraft.leaves":14,"stat.pickup.harvestcraft.juteitem":16,"stat.playOneMinute":52059,"stat.useItem.minecraft.wooden_sword":7,"stat.pickup.minecraft.torch":32,"stat.mineBlock.iceandfire.dragon_ice_spikes":1,"stat.killEntity.Sheep":4,"stat.pickup.minecraft.red_flower":1,"stat.useItem.spartanweaponry.longsword_iron":11,"stat.pickup.harvestcraft.tealeafitem":38,"stat.sneakTime":104,"stat.pickup.minecraft.wool":4,"stat.mineBlock.astralsorcery.blockcustomsandore":1,"stat.pickup.minecraft.yellow_flower":1,"stat.mineBlock.minecraft.stone":12,"stat.pickup.harvestcraft.avocadoitem":2,"stat.mineBlock.minecraft.tallgrass":11,"stat.diveOneCm":63586,"stat.pickup.harvestcraft.garlicitem":17}