{"stat.craftItem.ebwizardry.magic_crystal":2,"stat.walkOneCm":10092,"stat.pickup.harvestcraft.tomatoitem":1,"stat.pickup.harvestcraft.whitemushroomitem":2,"stat.pickup.harvestcraft.beanitem":3,"stat.craftItem.minecraft.planks":32,"stat.mineBlock.ebwizardry.crystal_flower":1,"stat.damageTaken":10,"stat.pickup.harvestcraft.sweetpotatoitem":3,"stat.craftItem.minecraft.crafting_table":3,"stat.useItem.minecraft.wooden_pickaxe":18,"stat.pickup.minecraft.cobblestone":8,"stat.mineBlock.minecraft.coal_ore":8,"stat.mineBlock.minecraft.log":10,"stat.pickup.ebwizardry.crystal_flower":1,"stat.pickup.minecraft.log":10,"stat.flyOneCm":5520,"stat.pickup.harvestcraft.radishitem":1,"stat.pickup.harvestcraft.turnipitem":5,"stat.pickup.harvestcraft.blackberryitem":5,"stat.jump":49,"stat.playOneMinute":6785,"stat.pickup.harvestcraft.juteitem":1,"stat.pickup.minecraft.coal":8,"stat.fallOneCm":1805,"stat.mineBlock.iceandfire.dragon_ice_spikes":1,"stat.pickup.harvestcraft.scallionitem":2,"stat.pickup.harvestcraft.tealeafitem":3,"stat.pickup.harvestcraft.spiceleafitem":3,"stat.pickup.harvestcraft.leekitem":1,"stat.mineBlock.harvestcraft.shadedgarden":13,"stat.timeSinceDeath":6785,"stat.pickup.iceandfire.dragon_ice_spikes":1,"stat.pickup.harvestcraft.zucchiniitem":4,"stat.craftItem.minecraft.torch":32,"stat.sprintOneCm":6246,"stat.useItem.minecraft.stone_slab2":2,"stat.craftItem.minecraft.wooden_pickaxe":1,"stat.mineBlock.minecraft.stone":10,"stat.pickup.harvestcraft.garlicitem":3,"stat.craftItem.minecraft.stick":24,"stat.pickup.harvestcraft.rhubarbitem":1,"stat.craftingTableInteraction":3}