{"stat.useItem.harvestcraft.huckleberryitem":1,"stat.useItem.harvestcraft.rhubarbitem":11,"stat.leaveGame":4,"stat.mineBlock.ebwizardry.crystal_flower":1,"stat.mineBlock.thaumcraft.ore_quartz":3,"stat.killEntity.betteranimalsplus.goat":5,"stat.pickup.harvestcraft.huckleberryitem":1,"stat.pickup.ebwizardry.spell_book":4,"stat.craftItem.minecraft.shield":1,"stat.pickup.minecraft.porkchop":5,"stat.pickup.betteranimalsplus.wolf_pelt_snowy":2,"stat.mineBlock.astralsorcery.blockcustomflower":1,"stat.mineBlock.thaumcraft.log_greatwood":4,"stat.pickup.minecraft.rotten_flesh":8,"stat.craftItem.minecraft.stone_axe":1,"stat.pickup.harvestcraft.sweetpotatoitem":67,"stat.craftItem.minecraft.stone_sword":2,"stat.pickup.harvestcraft.radishitem":35,"stat.entityKilledBy.firedragon":4,"stat.pickup.iceandfire.ash":13,"stat.mineBlock.realistic_minerals.fluoriteore":2,"stat.pickup.harvestcraft.scallionitem":49,"stat.pickup.betteranimalsplus.eel_meat_raw":8,"stat.drop.ebwizardry.spell_book":4,"stat.useItem.minecraft.iron_pickaxe":117,"stat.craftItem.minecraft.wooden_pickaxe":2,"stat.pickup.harvestcraft.rhubarbitem":30,"stat.pickup.astralsorcery.itemjournal":1,"stat.craftItem.minecraft.bed":1,"stat.mineBlock.chisel.marble2":5,"stat.furnaceInteraction":44,"stat.pickup.harvestcraft.cherryitem":2,"stat.useItem.harvestcraft.leekitem":3,"stat.pickup.harvestcraft.spinachitem":2,"stat.pickup.harvestcraft.turnipitem":42,"stat.pickup.minecraft.furnace":2,"stat.useItem.realistic_minerals.amazoniteaxe":86,"stat.pickup.realistic_minerals.blacktourmaline":16,"stat.craftItem.realistic_minerals.amazonitearmorbody":1,"stat.useItem.harvestcraft.blackberryitem":17,"stat.pickup.thaumcraft.crystal_essence":11,"stat.mineBlock.astralsorcery.blockmarble":5,"stat.pickup.thaumcraft.nugget":1,"stat.useItem.harvestcraft.beanitem":2,"stat.deaths":17,"stat.pickup.minecraft.egg":2,"stat.playOneMinute":175549,"stat.craftItem.realistic_minerals.amazonitearmorhelmet":1,"stat.craftItem.minecraft.iron_pickaxe":1,"stat.mineBlock.realistic_minerals.blacktourmalineore":8,"stat.pickup.chisel.marble2":5,"stat.mineBlock.minecraft.tallgrass":26,"stat.pickup.harvestcraft.cottonitem":4,"stat.chestOpened":23,"stat.pickup.harvestcraft.tomatoitem":47,"stat.useItem.minecraft.stone":2,"stat.pickup.minecraft.arrow":2,"stat.pickup.realistic_minerals.fluorite":2,"stat.useItem.realistic_minerals.amazonitesword":89,"stat.pickup.realistic_minerals.amazonitesword":1,"stat.fallOneCm":87170,"stat.mineBlock.harvestcraft.pamhazelnut":1,"stat.drop.minecraft.stone_sword":1,"stat.crouchOneCm":13663,"stat.craftItem.minecraft.chest":3,"stat.craftItem.minecraft.iron_ingot":58,"stat.pickup.minecraft.red_mushroom":2,"stat.pickup.minecraft.melon":10,"stat.craftingTableInteraction":52,"stat.mineBlock.harvestcraft.pamnutmeg":1,"stat.pickup.minecraft.wooden_pickaxe":2,"stat.useItem.chisel.marble2":2,"stat.mineBlock.thaumcraft.leaves_greatwood":4,"stat.pickup.minecraft.planks":202,"stat.pickup.chisel.limestone2":4,"stat.pickup.minecraft.wheat_seeds":4,"stat.pickup.realistic_minerals.amazonite":33,"stat.mineBlock.minecraft.gravel":3,"stat.useItem.minecraft.stone_pickaxe":209,"stat.useItem.minecraft.stone_sword":31,"stat.craftItem.minecraft.iron_leggings":1,"stat.useItem.minecraft.wool":1,"stat.pickup.iceandfire.dragon_ice_spikes":1,"stat.mineBlock.minecraft.dirt":20,"stat.pickup.realistic_minerals.amazoniteaxe":1,"stat.useItem.minecraft.torch":30,"stat.drop.tombstone.crafting_ingredient":1,"stat.pickup.minecraft.iron_nugget":3,"stat.useItem.harvestcraft.spiceleafitem":25,"stat.pickup.minecraft.crafting_table":5,"stat.useItem.minecraft.cobblestone":76,"stat.craftItem.minecraft.crafting_table":7,"stat.mineBlock.thaumcraft.crystal_aer":1,"stat.pickup.harvestcraft.peasitem":6,"stat.pickup.minecraft.log":169,"stat.pickup.harvestcraft.hazelnutitem":3,"stat.useItem.harvestcraft.sweetpotatoitem":12,"stat.mineBlock.harvestcraft.pammaple":5,"stat.mineBlock.thaumcraft.crystal_terra":2,"stat.pickup.minecraft.sapling":9,"stat.craftItem.minecraft.planks":369,"stat.useItem.minecraft.iron_sword":5,"stat.pickup.minecraft.stone_sword":1,"stat.pickup.harvestcraft.rutabagaitem":3,"stat.mineBlock.minecraft.log":95,"stat.craftItem.realistic_minerals.amazoniteaxe":1,"stat.pickup.harvestcraft.juteitem":42,"stat.mineBlock.iceandfire.dragon_ice_spikes":1,"stat.pickup.minecraft.red_flower":1,"stat.pickup.harvestcraft.tealeafitem":63,"stat.sneakTime":5714,"stat.pickup.thaumcraft.amber":5,"stat.pickup.minecraft.wool":8,"stat.useItem.minecraft.wooden_axe":21,"stat.pickup.minecraft.yellow_flower":1,"stat.pickup.harvestcraft.avocadoitem":2,"stat.pickup.thaumcraft.log_greatwood":10,"stat.mineBlock.thaumcraft.ore_cinnabar":5,"stat.cakeSlicesEaten":9,"stat.pickup.minecraft.bone":5,"stat.useItem.harvestcraft.garlicitem":6,"stat.mineBlock.minecraft.cobblestone":4,"stat.useItem.harvestcraft.hazelnutitem":2,"stat.useItem.harvestcraft.tealeafitem":5,"stat.mineBlock.minecraft.stained_glass_pane":1,"stat.swimOneCm":66685,"stat.drop.betteranimalsplus.eel_meat_raw":4,"stat.climbOneCm":2195,"stat.mineBlock.thaumcraft.ore_amber":3,"stat.useItem.minecraft.dirt":15,"stat.useItem.harvestcraft.tomatoitem":16,"stat.killEntity.betteranimalsplus.boar":2,"stat.useItem.minecraft.stone_slab2":36,"stat.pickup.inventorypets.nugget_lapis":8,"stat.craftItem.minecraft.furnace":2,"stat.craftItem.realistic_minerals.amazonitearmorboots":1,"stat.pickup.harvestcraft.broccoliitem":1,"stat.craftItem.minecraft.iron_boots":1,"stat.craftItem.minecraft.stone_pickaxe":3,"stat.pickup.minecraft.cobblestone":123,"stat.useItem.harvestcraft.juteitem":5,"stat.mineBlock.chisel.limestone2":4,"stat.flyOneCm":623310,"stat.pickup.inventorypets.dirt_pet":2,"stat.useItem.harvestcraft.whitemushroomitem":21,"stat.pickup.harvestcraft.leekitem":72,"stat.mineBlock.minecraft.iron_ore":60,"stat.timeSinceDeath":14591,"stat.pickup.minecraft.mutton":30,"stat.craftItem.ebwizardry.magic_crystal":2,"stat.pickup.harvestcraft.whitemushroomitem":42,"stat.pickup.harvestcraft.beanitem":46,"stat.pickup.ebwizardry.magic_crystal":5,"stat.mineBlock.minecraft.coal_ore":99,"stat.pickup.minecraft.string":5,"stat.mineBlock.minecraft.ladder":1,"stat.useItem.astralsorcery.blockmarble":1,"stat.pickup.tombstone.crafting_ingredient":5,"stat.entityKilledBy.Skeleton":1,"stat.craftItem.minecraft.stone_slab2":0,"stat.sprintOneCm":775623,"stat.craftItem.minecraft.stick":178,"stat.craftItem.minecraft.wooden_axe":1,"stat.killEntity.ebwizardry:evil_wizard":1,"stat.mineBlock.minecraft.crafting_table":5,"stat.pickup.harvestcraft.quinoaitem":2,"stat.useItem.harvestcraft.turnipitem":24,"stat.drop":10,"stat.useItem.minecraft.wooden_sword":7,"stat.killEntity.Sheep":8,"stat.useItem.spartanweaponry.longsword_iron":11,"stat.useItem.harvestcraft.zucchiniitem":9,"stat.useItem.minecraft.ladder":23,"stat.killEntity.Zombie":7,"stat.diveOneCm":132120,"stat.pickup.harvestcraft.garlicitem":38,"stat.pickup.minecraft.wheat":2,"stat.craftItem.minecraft.ladder":27,"stat.pickup.thaumcraft.curio":1,"stat.pickup.minecraft.gravel":1,"stat.pickup.harvestcraft.ryeitem":3,"stat.pickup.harvestcraft.kohlrabiitem":2,"stat.pickup.harvestcraft.blackberryitem":39,"stat.jump":3424,"stat.pickup.minecraft.coal":117,"stat.pickup.minecraft.iron_ingot":2,"stat.useItem.minecraft.stone_axe":1,"stat.pickup.iceandfire.chared_stone":1,"stat.mineBlock.harvestcraft.shadedgarden":197,"stat.craftItem.minecraft.torch":64,"stat.pickup.minecraft.dirt":26,"stat.craftItem.realistic_minerals.amazonitearmorlegs":1,"stat.mineBlock.harvestcraft.frostgarden":11,"stat.pickup.minecraft.iron_ore":59,"stat.useItem.minecraft.sapling":2,"stat.pickup.minecraft.leaves":11,"stat.damageTaken":5859,"stat.pickup.minecraft.leather":7,"stat.pickup.ebwizardry.scroll":5,"stat.mineBlock.minecraft.furnace":2,"stat.mineBlock.minecraft.torch":1,"stat.useItem.minecraft.wooden_pickaxe":26,"stat.dispenserInspected":1,"stat.useItem.harvestcraft.radishitem":2,"stat.pickup.ebwizardry.crystal_flower":1,"stat.pickup.minecraft.bed":1,"tombstone:undead_killed":9,"stat.entityKilledBy.Zombie":1,"stat.damageDealt":5030,"stat.sleepInBed":2,"stat.pickup.harvestcraft.oatsitem":1,"stat.craftItem.minecraft.iron_sword":1,"stat.walkOneCm":433794,"stat.animalsBred":1,"stat.mineBlock.realistic_minerals.amazoniteore":11,"stat.useItem.minecraft.chest":1,"stat.pickup.minecraft.stick":65,"stat.pickup.harvestcraft.cabbageitem":1,"stat.pickup.harvestcraft.celeryitem":4,"stat.useItem.minecraft.melon":10,"stat.useItem.tombstone.gift":1,"stat.pickup.harvestcraft.spiceleafitem":43,"stat.useItem.harvestcraft.scallionitem":24,"stat.pickup.minecraft.stone":13,"stat.craftItem.minecraft.iron_chestplate":1,"stat.pickup.harvestcraft.zucchiniitem":65,"stat.pickup.minecraft.ladder":31,"stat.killEntity.Skeleton":2,"stat.entityKilledBy.betteranimalsplus.feralwolf":1,"stat.pickup.thaumcraft.ore_cinnabar":5,"stat.killEntity.Spider":1,"stat.useItem.harvestcraft.avocadoitem":2,"stat.craftItem.realistic_minerals.amazonitesword":1,"stat.pickup.astralsorcery.itemcraftingcomponent":4,"stat.killEntity.betteranimalsplus.lamprey":1,"stat.mobKills":35,"stat.pickup.minecraft.quartz":2,"stat.mineBlock.minecraft.leaves":55,"stat.pickup.harvestcraft.raspberryitem":2,"stat.pickup.minecraft.torch":42,"stat.pickup.realistic_minerals.garnetfragments":8,"stat.pickup.thaumcraft.brain":2,"stat.mineBlock.realistic_minerals.garnetore":4,"stat.mineBlock.astralsorcery.blockcustomsandore":1,"stat.pickup.astralsorcery.blockmarble":5,"stat.craftItem.thaumcraft.quicksilver":5,"stat.pickup.harvestcraft.beetitem":2,"stat.mineBlock.minecraft.stone":132}