{"stat.cakeSlicesEaten":9,"stat.pickup.minecraft.bone":4,"stat.useItem.harvestcraft.rhubarbitem":5,"stat.leaveGame":1,"stat.mineBlock.ebwizardry.crystal_flower":1,"stat.mineBlock.minecraft.cobblestone":4,"stat.mineBlock.thaumcraft.ore_quartz":2,"stat.useItem.harvestcraft.hazelnutitem":2,"stat.pickup.harvestcraft.huckleberryitem":1,"stat.useItem.harvestcraft.tealeafitem":1,"stat.mineBlock.minecraft.stained_glass_pane":1,"stat.swimOneCm":39784,"stat.climbOneCm":621,"stat.craftItem.minecraft.shield":1,"stat.mineBlock.thaumcraft.ore_amber":2,"stat.pickup.minecraft.porkchop":2,"stat.useItem.minecraft.dirt":5,"stat.useItem.harvestcraft.tomatoitem":12,"stat.killEntity.betteranimalsplus.boar":1,"stat.useItem.minecraft.stone_slab2":14,"stat.mineBlock.astralsorcery.blockcustomflower":1,"stat.pickup.minecraft.rotten_flesh":2,"stat.craftItem.minecraft.furnace":1,"stat.craftItem.minecraft.stone_axe":1,"stat.pickup.harvestcraft.broccoliitem":1,"stat.craftItem.minecraft.iron_boots":1,"stat.pickup.harvestcraft.sweetpotatoitem":46,"stat.craftItem.minecraft.stone_pickaxe":3,"stat.pickup.minecraft.cobblestone":55,"stat.mineBlock.chisel.limestone2":4,"stat.craftItem.minecraft.stone_sword":2,"stat.flyOneCm":295600,"stat.pickup.harvestcraft.radishitem":29,"stat.entityKilledBy.firedragon":1,"stat.pickup.iceandfire.ash":13,"stat.useItem.harvestcraft.whitemushroomitem":17,"stat.pickup.harvestcraft.scallionitem":26,"stat.pickup.harvestcraft.leekitem":65,"stat.mineBlock.minecraft.iron_ore":8,"stat.timeSinceDeath":34335,"stat.craftItem.minecraft.wooden_pickaxe":2,"stat.pickup.minecraft.mutton":17,"stat.pickup.harvestcraft.rhubarbitem":23,"stat.pickup.astralsorcery.itemjournal":1,"stat.craftItem.ebwizardry.magic_crystal":2,"stat.craftItem.minecraft.bed":1,"stat.pickup.harvestcraft.whitemushroomitem":38,"stat.pickup.harvestcraft.beanitem":40,"stat.mineBlock.chisel.marble2":2,"stat.furnaceInteraction":8,"stat.pickup.harvestcraft.cherryitem":2,"stat.pickup.ebwizardry.magic_crystal":5,"stat.mineBlock.minecraft.coal_ore":99,"stat.pickup.harvestcraft.spinachitem":2,"stat.pickup.harvestcraft.turnipitem":31,"stat.pickup.tombstone.crafting_ingredient":1,"stat.entityKilledBy.Skeleton":1,"stat.craftItem.minecraft.stone_slab2":0,"stat.sprintOneCm":434280,"stat.craftItem.minecraft.stick":38,"stat.craftItem.minecraft.wooden_axe":1,"stat.killEntity.ebwizardry:evil_wizard":1,"stat.useItem.harvestcraft.blackberryitem":5,"stat.mineBlock.minecraft.crafting_table":2,"stat.mineBlock.astralsorcery.blockmarble":3,"stat.pickup.thaumcraft.nugget":1,"stat.pickup.harvestcraft.quinoaitem":2,"stat.useItem.harvestcraft.turnipitem":13,"stat.deaths":11,"stat.drop":1,"stat.playOneMinute":85871,"stat.useItem.minecraft.wooden_sword":7,"stat.killEntity.Sheep":8,"stat.useItem.spartanweaponry.longsword_iron":11,"stat.craftItem.minecraft.iron_pickaxe":1,"stat.killEntity.Zombie":2,"stat.pickup.chisel.marble2":2,"stat.mineBlock.minecraft.tallgrass":12,"stat.diveOneCm":68571,"stat.pickup.harvestcraft.garlicitem":31,"stat.pickup.harvestcraft.cottonitem":4,"stat.chestOpened":12,"stat.pickup.harvestcraft.tomatoitem":35,"stat.pickup.minecraft.arrow":2,"stat.pickup.harvestcraft.ryeitem":3,"stat.pickup.harvestcraft.kohlrabiitem":2,"stat.pickup.harvestcraft.blackberryitem":31,"stat.jump":1631,"stat.pickup.minecraft.coal":111,"stat.fallOneCm":35737,"stat.pickup.minecraft.iron_ingot":1,"stat.mineBlock.harvestcraft.pamhazelnut":1,"stat.useItem.minecraft.stone_axe":1,"stat.drop.minecraft.stone_sword":1,"stat.crouchOneCm":7644,"stat.pickup.iceandfire.chared_stone":1,"stat.mineBlock.harvestcraft.shadedgarden":161,"stat.craftItem.minecraft.torch":52,"stat.craftItem.minecraft.chest":1,"stat.craftItem.minecraft.iron_ingot":9,"stat.pickup.minecraft.dirt":11,"stat.mineBlock.harvestcraft.frostgarden":11,"stat.craftingTableInteraction":18,"stat.pickup.minecraft.iron_ore":9,"stat.useItem.minecraft.sapling":1,"stat.mineBlock.harvestcraft.pamnutmeg":1,"stat.pickup.minecraft.wooden_pickaxe":2,"stat.damageTaken":3620,"stat.useItem.minecraft.wooden_pickaxe":26,"stat.dispenserInspected":1,"stat.pickup.ebwizardry.crystal_flower":1,"stat.pickup.chisel.limestone2":3,"tombstone:undead_killed":3,"stat.pickup.minecraft.wheat_seeds":4,"stat.entityKilledBy.Zombie":1,"stat.mineBlock.minecraft.gravel":2,"stat.useItem.minecraft.stone_pickaxe":149,"stat.useItem.minecraft.stone_sword":31,"stat.damageDealt":2212,"stat.useItem.minecraft.wool":1,"stat.sleepInBed":2,"stat.pickup.iceandfire.dragon_ice_spikes":1,"stat.pickup.harvestcraft.oatsitem":1,"stat.mineBlock.minecraft.dirt":13,"stat.walkOneCm":205500,"stat.useItem.minecraft.torch":12,"stat.animalsBred":1,"stat.useItem.harvestcraft.spiceleafitem":24,"stat.pickup.minecraft.crafting_table":2,"stat.pickup.harvestcraft.cabbageitem":1,"stat.useItem.minecraft.cobblestone":23,"stat.craftItem.minecraft.crafting_table":6,"stat.pickup.harvestcraft.peasitem":6,"stat.pickup.harvestcraft.celeryitem":4,"stat.pickup.minecraft.log":31,"stat.pickup.harvestcraft.hazelnutitem":3,"stat.useItem.harvestcraft.sweetpotatoitem":7,"stat.pickup.harvestcraft.spiceleafitem":41,"stat.useItem.harvestcraft.scallionitem":15,"stat.pickup.harvestcraft.zucchiniitem":52,"stat.pickup.minecraft.sapling":2,"stat.killEntity.Skeleton":1,"stat.entityKilledBy.betteranimalsplus.feralwolf":1,"stat.craftItem.minecraft.planks":124,"stat.useItem.harvestcraft.avocadoitem":2,"stat.pickup.minecraft.stone_sword":1,"stat.pickup.astralsorcery.itemcraftingcomponent":4,"stat.pickup.harvestcraft.rutabagaitem":3,"stat.mobKills":16,"stat.mineBlock.minecraft.log":31,"stat.pickup.minecraft.quartz":1,"stat.mineBlock.minecraft.leaves":19,"stat.pickup.harvestcraft.juteitem":33,"stat.pickup.harvestcraft.raspberryitem":2,"stat.pickup.minecraft.torch":32,"stat.mineBlock.iceandfire.dragon_ice_spikes":1,"stat.pickup.minecraft.red_flower":1,"stat.pickup.thaumcraft.brain":2,"stat.pickup.harvestcraft.tealeafitem":51,"stat.sneakTime":3209,"stat.pickup.thaumcraft.amber":4,"stat.pickup.minecraft.wool":8,"stat.mineBlock.astralsorcery.blockcustomsandore":1,"stat.pickup.astralsorcery.blockmarble":2,"stat.pickup.harvestcraft.beetitem":2,"stat.useItem.minecraft.wooden_axe":15,"stat.pickup.minecraft.yellow_flower":1,"stat.mineBlock.minecraft.stone":52,"stat.pickup.harvestcraft.avocadoitem":2}