{"stat.cakeSlicesEaten":4,"stat.chestOpened":1,"stat.craftItem.ebwizardry.magic_crystal":2,"stat.walkOneCm":42919,"stat.pickup.harvestcraft.tomatoitem":9,"stat.pickup.harvestcraft.whitemushroomitem":11,"stat.pickup.harvestcraft.beanitem":11,"stat.mineBlock.ebwizardry.crystal_flower":1,"stat.pickup.minecraft.crafting_table":1,"stat.mineBlock.minecraft.cobblestone":1,"stat.craftItem.minecraft.crafting_table":3,"stat.furnaceInteraction":1,"stat.useItem.harvestcraft.hazelnutitem":1,"stat.pickup.harvestcraft.cherryitem":2,"stat.mineBlock.minecraft.coal_ore":20,"stat.pickup.minecraft.log":10,"stat.pickup.harvestcraft.hazelnutitem":2,"stat.pickup.harvestcraft.turnipitem":11,"stat.pickup.harvestcraft.blackberryitem":10,"stat.jump":275,"stat.swimOneCm":3857,"stat.pickup.minecraft.coal":20,"stat.fallOneCm":6184,"stat.mineBlock.harvestcraft.pamhazelnut":1,"stat.pickup.harvestcraft.spiceleafitem":14,"stat.useItem.minecraft.stone_axe":1,"stat.drop.minecraft.stone_sword":1,"stat.mineBlock.harvestcraft.shadedgarden":60,"stat.pickup.harvestcraft.zucchiniitem":16,"stat.craftItem.minecraft.torch":32,"stat.sprintOneCm":97517,"stat.useItem.minecraft.stone_slab2":2,"stat.craftItem.minecraft.stick":24,"stat.craftingTableInteraction":3,"stat.craftItem.minecraft.planks":40,"stat.craftItem.minecraft.stone_axe":1,"stat.damageTaken":530,"stat.pickup.harvestcraft.sweetpotatoitem":14,"stat.mineBlock.minecraft.crafting_table":1,"stat.useItem.harvestcraft.avocadoitem":2,"stat.pickup.minecraft.stone_sword":1,"stat.craftItem.minecraft.stone_pickaxe":1,"stat.useItem.minecraft.wooden_pickaxe":18,"stat.pickup.astralsorcery.itemcraftingcomponent":4,"stat.pickup.minecraft.cobblestone":12,"stat.mineBlock.minecraft.log":10,"stat.pickup.ebwizardry.crystal_flower":1,"stat.craftItem.minecraft.stone_sword":1,"stat.flyOneCm":42225,"stat.pickup.harvestcraft.radishitem":11,"stat.deaths":2,"stat.drop":1,"stat.mineBlock.minecraft.leaves":9,"stat.pickup.harvestcraft.juteitem":12,"stat.playOneMinute":19385,"stat.mineBlock.iceandfire.dragon_ice_spikes":1,"stat.useItem.minecraft.stone_pickaxe":15,"stat.pickup.harvestcraft.scallionitem":5,"stat.pickup.harvestcraft.tealeafitem":16,"stat.sneakTime":6,"stat.pickup.harvestcraft.leekitem":17,"stat.mineBlock.astralsorcery.blockcustomsandore":1,"stat.timeSinceDeath":200,"stat.pickup.iceandfire.dragon_ice_spikes":1,"stat.craftItem.minecraft.wooden_pickaxe":1,"stat.mineBlock.minecraft.stone":12,"stat.pickup.harvestcraft.avocadoitem":2,"stat.mineBlock.minecraft.tallgrass":1,"stat.diveOneCm":4271,"stat.pickup.harvestcraft.garlicitem":11,"stat.pickup.harvestcraft.rhubarbitem":8}