{"stat.cakeSlicesEaten":9,"stat.pickup.minecraft.bone":4,"stat.useItem.harvestcraft.rhubarbitem":5,"stat.leaveGame":1,"stat.mineBlock.ebwizardry.crystal_flower":1,"stat.mineBlock.minecraft.cobblestone":1,"stat.useItem.harvestcraft.hazelnutitem":2,"stat.pickup.harvestcraft.huckleberryitem":1,"stat.useItem.harvestcraft.tealeafitem":1,"stat.mineBlock.minecraft.stained_glass_pane":1,"stat.swimOneCm":39663,"stat.climbOneCm":621,"stat.mineBlock.thaumcraft.ore_amber":2,"stat.pickup.minecraft.porkchop":2,"stat.useItem.minecraft.dirt":2,"stat.useItem.harvestcraft.tomatoitem":12,"stat.killEntity.betteranimalsplus.boar":1,"stat.useItem.minecraft.stone_slab2":5,"stat.mineBlock.astralsorcery.blockcustomflower":1,"stat.pickup.minecraft.rotten_flesh":2,"stat.craftItem.minecraft.stone_axe":1,"stat.pickup.harvestcraft.broccoliitem":1,"stat.pickup.harvestcraft.sweetpotatoitem":46,"stat.craftItem.minecraft.stone_pickaxe":2,"stat.pickup.minecraft.cobblestone":26,"stat.craftItem.minecraft.stone_sword":2,"stat.flyOneCm":291117,"stat.pickup.harvestcraft.radishitem":29,"stat.entityKilledBy.firedragon":1,"stat.pickup.iceandfire.ash":13,"stat.useItem.harvestcraft.whitemushroomitem":17,"stat.pickup.harvestcraft.scallionitem":26,"stat.pickup.harvestcraft.leekitem":51,"stat.timeSinceDeath":21735,"stat.craftItem.minecraft.wooden_pickaxe":2,"stat.pickup.minecraft.mutton":17,"stat.pickup.harvestcraft.rhubarbitem":23,"stat.pickup.astralsorcery.itemjournal":1,"stat.craftItem.ebwizardry.magic_crystal":2,"stat.pickup.harvestcraft.whitemushroomitem":38,"stat.pickup.harvestcraft.beanitem":40,"stat.furnaceInteraction":2,"stat.pickup.harvestcraft.cherryitem":2,"stat.pickup.ebwizardry.magic_crystal":5,"stat.mineBlock.minecraft.coal_ore":68,"stat.pickup.harvestcraft.spinachitem":2,"stat.pickup.harvestcraft.turnipitem":31,"stat.pickup.tombstone.crafting_ingredient":1,"stat.entityKilledBy.Skeleton":1,"stat.sprintOneCm":418127,"stat.craftItem.minecraft.stick":30,"stat.killEntity.ebwizardry:evil_wizard":1,"stat.mineBlock.minecraft.crafting_table":1,"stat.pickup.harvestcraft.quinoaitem":2,"stat.useItem.harvestcraft.turnipitem":9,"stat.deaths":11,"stat.drop":1,"stat.playOneMinute":73271,"stat.useItem.minecraft.wooden_sword":7,"stat.killEntity.Sheep":8,"stat.useItem.spartanweaponry.longsword_iron":11,"stat.killEntity.Zombie":2,"stat.mineBlock.minecraft.tallgrass":12,"stat.diveOneCm":68571,"stat.pickup.harvestcraft.garlicitem":31,"stat.pickup.harvestcraft.cottonitem":4,"stat.chestOpened":8,"stat.pickup.harvestcraft.tomatoitem":35,"stat.pickup.minecraft.arrow":2,"stat.pickup.harvestcraft.ryeitem":3,"stat.pickup.harvestcraft.kohlrabiitem":1,"stat.pickup.harvestcraft.blackberryitem":31,"stat.jump":1560,"stat.pickup.minecraft.coal":80,"stat.fallOneCm":34355,"stat.pickup.minecraft.iron_ingot":1,"stat.mineBlock.harvestcraft.pamhazelnut":1,"stat.useItem.minecraft.stone_axe":1,"stat.drop.minecraft.stone_sword":1,"stat.crouchOneCm":43,"stat.pickup.iceandfire.chared_stone":1,"stat.mineBlock.harvestcraft.shadedgarden":161,"stat.craftItem.minecraft.torch":44,"stat.pickup.minecraft.dirt":4,"stat.mineBlock.harvestcraft.frostgarden":11,"stat.craftingTableInteraction":6,"stat.mineBlock.harvestcraft.pamnutmeg":1,"stat.pickup.minecraft.wooden_pickaxe":2,"stat.damageTaken":3450,"stat.useItem.minecraft.wooden_pickaxe":26,"stat.dispenserInspected":1,"stat.pickup.ebwizardry.crystal_flower":1,"tombstone:undead_killed":3,"stat.pickup.minecraft.wheat_seeds":4,"stat.entityKilledBy.Zombie":1,"stat.mineBlock.minecraft.gravel":2,"stat.useItem.minecraft.stone_pickaxe":71,"stat.useItem.minecraft.stone_sword":24,"stat.damageDealt":2112,"stat.useItem.minecraft.wool":1,"stat.sleepInBed":1,"stat.pickup.iceandfire.dragon_ice_spikes":1,"stat.pickup.harvestcraft.oatsitem":1,"stat.mineBlock.minecraft.dirt":6,"stat.walkOneCm":178144,"stat.useItem.minecraft.torch":5,"stat.animalsBred":1,"stat.useItem.harvestcraft.spiceleafitem":24,"stat.pickup.minecraft.crafting_table":1,"stat.pickup.harvestcraft.cabbageitem":1,"stat.craftItem.minecraft.crafting_table":4,"stat.pickup.harvestcraft.peasitem":6,"stat.pickup.harvestcraft.celeryitem":4,"stat.pickup.minecraft.log":13,"stat.pickup.harvestcraft.hazelnutitem":3,"stat.useItem.harvestcraft.sweetpotatoitem":7,"stat.pickup.harvestcraft.spiceleafitem":41,"stat.useItem.harvestcraft.scallionitem":10,"stat.pickup.harvestcraft.zucchiniitem":52,"stat.killEntity.Skeleton":1,"stat.entityKilledBy.betteranimalsplus.feralwolf":1,"stat.craftItem.minecraft.planks":52,"stat.useItem.harvestcraft.avocadoitem":2,"stat.pickup.minecraft.stone_sword":1,"stat.pickup.astralsorcery.itemcraftingcomponent":4,"stat.pickup.harvestcraft.rutabagaitem":3,"stat.mobKills":16,"stat.mineBlock.minecraft.log":13,"stat.mineBlock.minecraft.leaves":18,"stat.pickup.harvestcraft.juteitem":33,"stat.pickup.harvestcraft.raspberryitem":2,"stat.pickup.minecraft.torch":32,"stat.mineBlock.iceandfire.dragon_ice_spikes":1,"stat.pickup.minecraft.red_flower":1,"stat.pickup.thaumcraft.brain":2,"stat.pickup.harvestcraft.tealeafitem":51,"stat.sneakTime":104,"stat.pickup.thaumcraft.amber":4,"stat.pickup.minecraft.wool":8,"stat.mineBlock.astralsorcery.blockcustomsandore":1,"stat.pickup.harvestcraft.beetitem":2,"stat.pickup.minecraft.yellow_flower":1,"stat.mineBlock.minecraft.stone":26,"stat.pickup.harvestcraft.avocadoitem":2}