{"stat.chestOpened":4,"stat.pickup.minecraft.bone":2,"stat.pickup.harvestcraft.tomatoitem":1,"stat.killEntity.BrainyZombie":1,"stat.pickup.betteranimalsplus.antler":2,"stat.mineBlock.realistic_minerals.aquamarineore":10,"stat.leaveGame":9,"stat.pickup.minecraft.arrow":3,"stat.mineBlock.minecraft.cobblestone":4,"stat.pickup.realistic_minerals.fluorite":1,"stat.drop.harvestcraft.tomatoitem":1,"stat.useItem.minecraft.apple":1,"stat.pickup.betteranimalsplus.venisonraw":1,"stat.useItem.harvestcraft.grilledcheeseitem":8,"stat.jump":972,"stat.swimOneCm":37075,"stat.pickup.minecraft.coal":24,"stat.fallOneCm":18971,"stat.useItem.minecraft.planks":16,"stat.pickup.minecraft.gunpowder":4,"stat.crouchOneCm":2622,"stat.mineBlock.harvestcraft.shadedgarden":1,"stat.craftItem.minecraft.iron_ingot":10,"stat.craftItem.minecraft.torch":4,"stat.pickup.minecraft.dirt":28,"stat.useItem.minecraft.dirt":1,"stat.useItem.minecraft.stone_slab2":11,"stat.pickup.harvestcraft.chestnutitem":1,"stat.craftingTableInteraction":13,"stat.pickup.minecraft.iron_ore":40,"stat.pickup.minecraft.rotten_flesh":11,"stat.craftItem.minecraft.furnace":1,"stat.pickup.iceandfire.silver_ore":2,"stat.useItem.minecraft.sapling":2,"stat.pickup.harvestcraft.grilledcheeseitem":64,"stat.damageTaken":1000,"stat.pickup.harvestcraft.sweetpotatoitem":1,"stat.pickup.iceandfire.chared_cobblestone":1,"stat.mineBlock.minecraft.torch":8,"stat.craftItem.minecraft.stone_pickaxe":1,"stat.mineBlock.harvestcraft.pamcherry":2,"stat.useItem.minecraft.wooden_pickaxe":60,"stat.mineBlock.iceandfire.chared_cobblestone":1,"stat.pickup.minecraft.cobblestone":121,"stat.craftItem.minecraft.wooden_sword":1,"stat.flyOneCm":105068,"tombstone:undead_killed":17,"stat.pickup.minecraft.wheat_seeds":1,"stat.killEntity.betteranimalsplus.deer":1,"stat.pickup.realistic_minerals.amazonite":9,"stat.mineBlock.realistic_minerals.fluoriteore":1,"stat.useItem.minecraft.stone_pickaxe":126,"stat.useItem.harvestcraft.whitemushroomitem":1,"stat.mineBlock.realistic_minerals.morganiteore":1,"stat.useItem.minecraft.stone_sword":106,"stat.drop.thaumcraft.brain":1,"stat.damageDealt":4344,"stat.pickup.harvestcraft.leekitem":1,"stat.mineBlock.minecraft.iron_ore":44,"stat.timeSinceDeath":86494,"stat.craftItem.iceandfire.silver_ingot":2,"stat.useItem.harvestcraft.chestnutitem":1,"stat.drop.astralsorcery.itemjournal":1,"stat.useItem.minecraft.iron_pickaxe":89,"stat.craftItem.minecraft.wooden_pickaxe":1,"stat.walkOneCm":344917,"stat.useItem.minecraft.torch":5,"stat.pickup.harvestcraft.whitemushroomitem":2,"stat.mineBlock.realistic_minerals.amazoniteore":3,"stat.drop.tombstone.crafting_ingredient":1,"stat.useItem.harvestcraft.spiceleafitem":1,"stat.mineBlock.iceandfire.silver_ore":2,"stat.useItem.minecraft.cobblestone":75,"stat.furnaceInteraction":13,"stat.craftItem.minecraft.crafting_table":3,"stat.pickup.harvestcraft.cherryitem":4,"stat.mineBlock.thaumcraft.crystal_aer":1,"stat.mineBlock.minecraft.coal_ore":24,"stat.useItem.harvestcraft.leekitem":1,"stat.killEntity.Creeper":2,"stat.pickup.minecraft.log":30,"stat.pickup.minecraft.string":7,"stat.pickup.harvestcraft.turnipitem":1,"stat.pickup.tombstone.crafting_ingredient":4,"stat.pickup.harvestcraft.spiceleafitem":1,"stat.pickup.minecraft.stone":48,"stat.pickup.realistic_minerals.blacktourmaline":1,"stat.pickup.minecraft.sapling":3,"stat.sprintOneCm":141397,"stat.pickup.realistic_minerals.morganite":1,"stat.drop.ebwizardry.ruined_spell_book":1,"stat.pickup.minecraft.apple":1,"stat.craftItem.minecraft.stick":24,"stat.craftItem.minecraft.wooden_axe":1,"stat.killEntity.Skeleton":2,"stat.pickup.realistic_minerals.aquamarine":10,"stat.pickup.thaumcraft.ore_cinnabar":1,"stat.craftItem.minecraft.planks":120,"stat.pickup.thaumcraft.crystal_essence":21,"stat.killEntity.Spider":4,"stat.pickup.minecraft.stone_sword":1,"stat.pickup.astralsorcery.itemcraftingcomponent":1,"stat.useItem.harvestcraft.turnipitem":1,"stat.mobKills":24,"stat.mineBlock.minecraft.log":29,"stat.drop":5,"stat.mineBlock.minecraft.leaves":1,"stat.mineBlock.thaumcraft.crystal_aqua":5,"stat.playOneMinute":86494,"stat.pickup.ebwizardry.ruined_spell_book":1,"stat.pickup.minecraft.torch":32,"stat.pickup.thaumcraft.brain":4,"stat.sneakTime":980,"stat.craftItem.minecraft.iron_pickaxe":1,"stat.mineBlock.astralsorcery.blockcustomsandore":1,"stat.killEntity.Zombie":14,"stat.mineBlock.realistic_minerals.blacktourmalineore":1,"stat.useItem.minecraft.wooden_axe":16,"stat.mineBlock.minecraft.stone":168,"stat.diveOneCm":6800,"stat.mineBlock.thaumcraft.ore_cinnabar":1}