{"stat.chestOpened":4,"stat.pickup.minecraft.bone":1,"stat.pickup.harvestcraft.tomatoitem":1,"stat.pickup.betteranimalsplus.antler":2,"stat.leaveGame":5,"stat.useItem.minecraft.apple":1,"stat.pickup.betteranimalsplus.venisonraw":1,"stat.useItem.harvestcraft.grilledcheeseitem":4,"stat.jump":601,"stat.swimOneCm":2873,"stat.pickup.minecraft.coal":16,"stat.fallOneCm":12842,"stat.pickup.minecraft.gunpowder":4,"stat.crouchOneCm":368,"stat.mineBlock.harvestcraft.shadedgarden":1,"stat.pickup.minecraft.dirt":16,"stat.useItem.minecraft.dirt":1,"stat.useItem.minecraft.stone_slab2":5,"stat.pickup.harvestcraft.chestnutitem":1,"stat.craftingTableInteraction":9,"stat.pickup.minecraft.rotten_flesh":1,"stat.useItem.minecraft.sapling":2,"stat.pickup.harvestcraft.grilledcheeseitem":64,"stat.damageTaken":560,"stat.pickup.harvestcraft.sweetpotatoitem":1,"stat.pickup.iceandfire.chared_cobblestone":1,"stat.mineBlock.minecraft.torch":2,"stat.mineBlock.harvestcraft.pamcherry":2,"stat.useItem.minecraft.wooden_pickaxe":52,"stat.mineBlock.iceandfire.chared_cobblestone":1,"stat.pickup.minecraft.cobblestone":24,"stat.craftItem.minecraft.wooden_sword":1,"stat.flyOneCm":75551,"tombstone:undead_killed":6,"stat.pickup.minecraft.wheat_seeds":1,"stat.killEntity.betteranimalsplus.deer":1,"stat.useItem.minecraft.stone_sword":62,"stat.damageDealt":2591,"stat.pickup.harvestcraft.leekitem":1,"stat.timeSinceDeath":47133,"stat.useItem.harvestcraft.chestnutitem":1,"stat.craftItem.minecraft.wooden_pickaxe":1,"stat.walkOneCm":195954,"stat.pickup.harvestcraft.whitemushroomitem":1,"stat.furnaceInteraction":3,"stat.craftItem.minecraft.crafting_table":1,"stat.pickup.harvestcraft.cherryitem":4,"stat.mineBlock.minecraft.coal_ore":16,"stat.killEntity.Creeper":2,"stat.pickup.minecraft.log":30,"stat.pickup.minecraft.string":5,"stat.pickup.harvestcraft.turnipitem":1,"stat.pickup.harvestcraft.spiceleafitem":1,"stat.pickup.minecraft.stone":2,"stat.pickup.minecraft.sapling":3,"stat.sprintOneCm":91054,"stat.pickup.minecraft.apple":1,"stat.craftItem.minecraft.stick":8,"stat.craftItem.minecraft.wooden_axe":1,"stat.killEntity.Skeleton":1,"stat.craftItem.minecraft.planks":56,"stat.killEntity.Spider":4,"stat.pickup.minecraft.stone_sword":1,"stat.pickup.astralsorcery.itemcraftingcomponent":1,"stat.mobKills":12,"stat.mineBlock.minecraft.log":29,"stat.mineBlock.minecraft.leaves":1,"stat.playOneMinute":47133,"stat.pickup.ebwizardry.ruined_spell_book":1,"stat.pickup.minecraft.torch":3,"stat.sneakTime":157,"stat.mineBlock.astralsorcery.blockcustomsandore":1,"stat.killEntity.Zombie":5,"stat.useItem.minecraft.wooden_axe":16,"stat.mineBlock.minecraft.stone":26,"stat.diveOneCm":1055}