{"stat.useItem.minecraft.bow":3,"stat.leaveGame":20,"stat.pickup.tombstone.familiar_stone":1,"stat.pickup.ebwizardry.spell_book":4,"stat.mineBlock.minecraft.stained_glass":2,"stat.craftItem.minecraft.shield":2,"stat.pickup.realistic_minerals.ruby":6,"stat.craftItem.realistic_minerals.fluoritepickaxe":1,"stat.drop.minecraft.iron_sword":2,"stat.pickup.minecraft.rotten_flesh":54,"stat.craftItem.minecraft.stone_axe":1,"stat.pickup.iceandfire.witherbone":2,"stat.pickup.minecraft.leather_boots":5,"stat.craftItem.minecraft.iron_shovel":2,"stat.mineBlock.realistic_minerals.fluoriteore":6,"stat.useItem.minecraft.iron_pickaxe":1795,"stat.craftItem.minecraft.wooden_pickaxe":1,"stat.useItem.minecraft.iron_shovel":10,"stat.pickup.realistic_minerals.fluoritepickaxe":2,"stat.drop.harvestcraft.bolognasandwichitem":12,"stat.mineBlock.chisel.marble2":54,"stat.mineBlock.minecraft.vine":1,"stat.furnaceInteraction":62,"stat.drop.betteranimalsplus.venisonraw":2,"stat.craftItem.spartanweaponry.material":2,"stat.entityKilledBy.WitherSkeleton":3,"stat.pickup.iceandfire.manuscript":12,"stat.pickup.minecraft.beef":18,"stat.pickup.minecraft.leather_helmet":2,"stat.pickup.tombstone.gift":1,"stat.pickup.minecraft.potion":7,"stat.mineBlock.minecraft.fence":2,"stat.mineBlock.minecraft.sea_lantern":2,"stat.mineBlock.astralsorcery.blockmarble":251,"stat.drop.minecraft.cooked_fish":4,"stat.pickup.minecraft.emerald":1,"stat.useItem.harvestcraft.bolognasandwichitem":32,"stat.deaths":60,"stat.mineBlock.minecraft.stone_pressure_plate":2,"stat.craftItem.minecraft.iron_pickaxe":4,"stat.pickup.astralsorcery.blockmarblestairs":8,"stat.mineBlock.realistic_minerals.blacktourmalineore":4,"stat.drop.minecraft.torch":17,"stat.pickup.chisel.marble2":275,"stat.mineBlock.minecraft.tallgrass":4,"stat.chestOpened":434,"stat.killEntity.betteranimalsplus.goose":3,"stat.craftItem.minecraft.sign":3,"stat.useItem.minecraft.stone":11,"stat.pickup.minecraft.iron_sword":21,"stat.pickup.minecraft.arrow":110,"stat.pickup.realistic_minerals.fluorite":16,"stat.pickup.minecraft.gold_nugget":194,"stat.drop.minecraft.iron_pickaxe":2,"stat.useItem.hammertime.itemhammeriron":21,"stat.pickup.chisel.basalt2":2,"stat.pickup.minecraft.carrot":76,"stat.crouchOneCm":37219,"stat.mineBlock.minecraft.chest":2,"stat.craftItem.minecraft.iron_ingot":101,"stat.craftingTableInteraction":129,"stat.pickup.minecraft.nether_brick_fence":1,"stat.pickup.iceandfire.silver_ore":5,"stat.pickup.iceandfire.ice_dragon_flesh":7,"stat.pickup.minecraft.dye":19,"stat.pickup.minecraft.planks":85,"stat.pickup.chisel.limestone2":68,"stat.useItem.iceandfire.dragonbone_sword_fire":55,"stat.pickup.minecraft.wheat_seeds":34,"stat.pickup.iceandfire.cyclops_eye":3,"stat.mineBlock.minecraft.dirt":24,"stat.pickup.inventorypets.lead_pet":1,"stat.useItem.minecraft.bread":5,"stat.entityKilledBy.Stray":1,"stat.drop.minecraft.porkchop":13,"stat.useItem.minecraft.cobblestone":1074,"stat.pickup.minecraft.magma":6,"stat.useItem.minecraft.gravel":2,"stat.useItem.hammertime.itemhammerstone":46,"stat.killEntity.betteranimalsplus.reindeer":1,"stat.pickup.minecraft.iron_pickaxe":15,"stat.pickup.betteranimalsplus.wolfhead_6":3,"stat.drop.minecraft.iron_ore":3,"stat.pickup.minecraft.apple":6,"stat.craftItem.minecraft.bucket":1,"stat.craftItem.minecraft.planks":368,"stat.useItem.minecraft.iron_sword":521,"stat.mineBlock.minecraft.log":165,"stat.pickup.iceandfire.dragonbone":92,"stat.craftItem.spartanweaponry.halberd_iron":1,"stat.drop.minecraft.leather_leggings":1,"stat.pickup.minecraft.iron_door":2,"stat.pickup.minecraft.red_flower":13,"stat.pickup.minecraft.wool":72,"stat.pickup.minecraft.cooked_fish":16,"stat.useItem.minecraft.wooden_axe":4,"stat.pickup.astralsorcery.blockblackmarble":25,"stat.cakeSlicesEaten":2,"stat.drop.astralsorcery.blockmarble":1,"stat.useItem.minecraft.iron_axe":130,"stat.mineBlock.minecraft.cobblestone":136,"stat.pickup.minecraft.stone_pickaxe":18,"stat.pickup.minecraft.flint":1,"stat.pickup.iceandfire.ice_dragon_heart":1,"stat.drop.betteranimalsplus.eel_meat_raw":1,"stat.useItem.minecraft.snow":2,"stat.pickup.minecraft.enchanted_book":21,"stat.mineBlock.thaumcraft.ore_amber":6,"stat.drop.minecraft.cobblestone":21,"stat.pickup.minecraft.cooked_porkchop":12,"stat.pickup.betteranimalsplus.wolf_pelt_red":11,"stat.useItem.minecraft.stone_slab2":108,"stat.pickup.minecraft.bow":7,"stat.pickup.minecraft.iron_boots":10,"stat.craftItem.minecraft.furnace":9,"stat.craftItem.minecraft.iron_boots":3,"stat.pickup.minecraft.shears":2,"stat.flyOneCm":905571,"stat.pickup.minecraft.nether_brick_stairs":2,"stat.pickup.spartanweaponry.caestus":1,"stat.drop.minecraft.chainmail_chestplate":1,"stat.timeSinceDeath":2294,"stat.drop.minecraft.spider_eye":1,"stat.pickup.realistic_minerals.blueopal":6,"stat.drop.hammertime.itemhammeriron":1,"stat.mineBlock.minecraft.coal_ore":374,"stat.drop.minecraft.wool":12,"stat.pickup.minecraft.shield":10,"stat.killEntity.Creeper":1,"stat.drop.spartanweaponry.halberd_iron":1,"stat.pickup.minecraft.string":18,"stat.mineBlock.minecraft.ladder":1,"stat.pickup.tombstone.crafting_ingredient":5,"stat.entityKilledBy.Skeleton":13,"stat.sprintOneCm":672483,"stat.killEntity.betteranimalsplus.pheasant":8,"stat.mineBlock.minecraft.stone_slab":1,"stat.craftItem.minecraft.wooden_axe":1,"stat.pickup.realistic_minerals.aquamarine":14,"stat.useItem.minecraft.snowball":16,"stat.pickup.minecraft.leather_leggings":11,"stat.useItem.minecraft.ladder":13,"stat.drop.ebwizardry.crystal_flower":1,"stat.killEntity.Zombie":34,"stat.pickup.minecraft.snowball":75,"stat.diveOneCm":137965,"stat.pickup.minecraft.wheat":3,"stat.mineBlock.minecraft.mossy_cobblestone":1,"stat.pickup.iceandfire.dragonscales_sapphire":51,"stat.mineBlock.astralsorcery.blockmarblestairs":4,"stat.craftItem.minecraft.ladder":15,"stat.pickup.minecraft.sign":5,"stat.pickup.minecraft.stone_axe":2,"stat.useItem.minecraft.rotten_flesh":6,"stat.jump":6253,"stat.pickup.minecraft.coal":897,"stat.pickup.minecraft.iron_ingot":77,"stat.pickup.minecraft.gunpowder":2,"stat.craftItem.minecraft.torch":224,"stat.pickup.minecraft.dirt":251,"stat.useItem.astralsorcery.blockblackmarble":6,"stat.useItem.minecraft.sapling":1,"stat.pickup.minecraft.iron_axe":9,"stat.damageTaken":23284,"stat.mineBlock.minecraft.torch":21,"stat.pickup.minecraft.written_book":4,"stat.pickup.ebwizardry.crystal_flower":19,"stat.entityKilledBy.ZombieVillager":1,"stat.pickup.minecraft.bed":1,"stat.killEntity.hippogryph":1,"stat.pickup.minecraft.potato":10,"stat.entityKilledBy.Zombie":5,"stat.pickup.hammertime.itemhammeriron":9,"stat.killEntity.Silverfish":8,"stat.useItem.minecraft.chest":8,"stat.killEntity.betteranimalsplus.feralwolf":4,"stat.useItem.minecraft.lava_bucket":22,"stat.craftItem.minecraft.iron_chestplate":4,"stat.pickup.minecraft.baked_potato":12,"stat.entityKilledBy.icedragon":4,"stat.pickup.minecraft.ladder":31,"stat.useItem.minecraft.netherrack":1,"stat.entityKilledBy.betteranimalsplus.feralwolf":2,"stat.mobKills":168,"stat.useItem.minecraft.boat":5,"stat.useItem.minecraft.mossy_cobblestone":2,"stat.pickup.minecraft.diamond":2,"stat.pickup.minecraft.torch":167,"stat.pickup.realistic_minerals.garnetfragments":24,"stat.pickup.thaumcraft.brain":5,"stat.pickup.astralsorcery.blockmarble":626,"stat.mineBlock.astralsorcery.blockcustomsandore":9,"stat.mineBlock.realistic_minerals.aquamarineore":1,"stat.mineBlock.ebwizardry.crystal_flower":4,"stat.mineBlock.thaumcraft.ore_quartz":1,"stat.useItem.iceandfire.dragonbone_sword":62,"stat.craftItem.minecraft.iron_axe":1,"stat.killEntity.Blaze":4,"stat.pickup.astralsorcery.itemconstellationpaper":5,"stat.useItem.astralsorcery.blockwell":3,"stat.useItem.minecraft.mutton":6,"stat.useItem.minecraft.planks":10,"stat.useItem.minecraft.nether_brick_stairs":1,"stat.pickup.minecraft.golden_boots":1,"stat.pickup.realistic_minerals.whiteopal":7,"stat.pickup.minecraft.porkchop":45,"stat.craftItem.astralsorcery.itemwand":1,"stat.drop.ebwizardry.magic_crystal":1,"stat.entityKilledBy.Spider":1,"stat.pickup.iceandfire.dragonegg_white":1,"stat.entityKilledBy.cyclops":2,"stat.entityKilledBy.firedragon":5,"stat.pickup.betteranimalsplus.eel_meat_raw":1,"stat.hopperInspected":2,"stat.drop.astralsorcery.itemjournal":1,"stat.drop.minecraft.diamond":3,"stat.pickup.astralsorcery.itemjournal":4,"stat.pickup.spartanweaponry.greatsword_iron":4,"stat.trappedChestTriggered":2,"stat.pickup.iceandfire.dragon_skull":5,"stat.drop.minecraft.stone_slab":1,"stat.pickup.minecraft.furnace":2,"stat.useItem.minecraft.cooked_mutton":1,"stat.drop.iceandfire.dragon_skull":1,"stat.pickup.realistic_minerals.blacktourmaline":24,"stat.pickup.minecraft.iron_chestplate":11,"stat.craftItem.realistic_minerals.fluoriteshovel":1,"stat.pickup.minecraft.stone_stairs":1,"stat.pickup.thaumcraft.nugget":2,"stat.drop.minecraft.snowball":2,"stat.playOneMinute":581961,"stat.pickup.minecraft.blaze_rod":1,"stat.drop.minecraft.string":2,"stat.pickup.minecraft.iron_bars":32,"stat.pickup.minecraft.netherrack":3,"stat.mineBlock.minecraft.netherrack":2,"stat.mineBlock.minecraft.ice":182,"stat.craftItem.iceandfire.dragonbone_sword":1,"stat.pickup.betteranimalsplus.venisonraw":2,"stat.pickup.thaumcraft.sapling_greatwood":2,"stat.useItem.harvestcraft.grilledcheeseitem":11,"stat.craftItem.minecraft.iron_nugget":0,"stat.pickup.minecraft.cooked_chicken":4,"stat.fallOneCm":167307,"stat.drop.minecraft.stone":4,"stat.craftItem.minecraft.chest":14,"stat.craftItem.astralsorcery.blockblackmarble":16,"stat.entityKilledBy.ebwizardry:evil_wizard":1,"stat.drop.minecraft.bone":1,"stat.useItem.minecraft.furnace":6,"stat.pickup.minecraft.iron_leggings":7,"stat.pickup.realistic_minerals.amazonite":33,"stat.mineBlock.minecraft.gravel":3,"stat.useItem.minecraft.stone_pickaxe":981,"stat.craftItem.minecraft.iron_leggings":2,"stat.useItem.minecraft.iron_bars":5,"stat.mineBlock.minecraft.monster_egg":1,"stat.useItem.minecraft.torch":146,"stat.pickup.minecraft.crafting_table":11,"stat.craftItem.minecraft.crafting_table":11,"stat.craftItem.minecraft.boat":3,"stat.mineBlock.realistic_minerals.rubyore":3,"stat.mineBlock.ebwizardry.crystal_ore":5,"stat.pickup.minecraft.log":303,"stat.drop.minecraft.sign":3,"stat.craftItem.hammertime.itemhammerstone":2,"stat.pickup.minecraft.web":24,"stat.pickup.minecraft.chainmail_leggings":1,"stat.pickup.minecraft.sapling":79,"stat.entityKilledBy.Enderman":1,"stat.craftItem.astralsorcery.blockaltar":1,"stat.mineBlock.iceandfire.goldpile":9,"stat.craftItem.minecraft.snow":3,"stat.killEntity.WitherSkeleton":5,"stat.pickup.harvestcraft.juteitem":1,"stat.sneakTime":15007,"stat.pickup.thaumcraft.amber":18,"stat.mineBlock.realistic_minerals.alexandriteore":1,"stat.pickup.minecraft.stone_slab":4,"stat.pickup.minecraft.yellow_flower":2,"stat.pickup.minecraft.chest":2,"stat.pickup.minecraft.bone":105,"stat.pickup.minecraft.stone_pressure_plate":1,"stat.useItem.spartanweaponry.greatsword_iron":69,"stat.swimOneCm":162219,"stat.climbOneCm":14676,"stat.useItem.minecraft.dirt":11,"stat.killEntity.betteranimalsplus.boar":2,"stat.pickup.realistic_minerals.fluoriteshovel":3,"stat.pickup.inventorypets.creeper_pet":1,"stat.craftItem.minecraft.stone_pickaxe":9,"stat.mineBlock.minecraft.magma":1,"stat.pickup.minecraft.cobblestone":5568,"stat.pickup.thaumcraft.smelter_aux":39,"stat.useItem.harvestcraft.juteitem":1,"stat.mineBlock.chisel.limestone2":11,"stat.drop.minecraft.wheat_seeds":1,"stat.pickup.minecraft.redstone":11,"stat.mineBlock.minecraft.iron_ore":74,"stat.useItem.minecraft.sign":1,"stat.pickup.minecraft.mutton":33,"stat.pickup.minecraft.mossy_cobblestone":31,"stat.pickup.minecraft.wooden_axe":1,"stat.useItem.realistic_minerals.fluoritepickaxe":14,"stat.pickup.minecraft.stonebrick":12,"stat.pickup.harvestcraft.bolognasandwichitem":305,"stat.pickup.ebwizardry.magic_crystal":56,"stat.pickup.minecraft.iron_shovel":3,"stat.useItem.minecraft.cooked_porkchop":8,"stat.pickup.iceandfire.frozen_stone":18,"stat.useItem.astralsorcery.blockmarble":61,"stat.craftItem.minecraft.stone_slab2":0,"stat.pickup.betteranimalsplus.turkey_egg":1,"stat.craftItem.minecraft.stick":144,"stat.drop.minecraft.potion":1,"stat.useItem.minecraft.stone_slab":2,"stat.craftItem.minecraft.stone":9,"stat.mineBlock.minecraft.crafting_table":6,"stat.useItem.minecraft.carrot":15,"stat.pickup.iceandfire.dragonbone_sword_fire":1,"stat.pickup.minecraft.diamond_chestplate":1,"stat.entityKilledBy.Creeper":3,"stat.mineBlock.minecraft.planks":2,"stat.drop":118,"stat.killEntity.cyclops":1,"stat.killEntity.Sheep":8,"stat.craftItem.hammertime.itemhammeriron":3,"stat.pickup.inventorypets.nugget_obsidian":13,"stat.useItem.realistic_minerals.fluoriteshovel":10,"stat.craftItem.spartanweaponry.greatsword_iron":1,"stat.pickup.minecraft.gravel":353,"stat.useItem.minecraft.apple":4,"stat.useItem.minecraft.porkchop":3,"stat.useItem.minecraft.potion":2,"stat.pickup.minecraft.fence":6,"stat.pickup.minecraft.iron_helmet":4,"stat.useItem.minecraft.stone_axe":31,"stat.mineBlock.harvestcraft.shadedgarden":1,"stat.pickup.minecraft.spider_eye":16,"stat.craftItem.minecraft.iron_helmet":1,"stat.pickup.minecraft.iron_ore":190,"stat.entityKilledBy.siren":8,"stat.pickup.iceandfire.shiny_scales":54,"stat.boatOneCm":188611,"stat.mineBlock.minecraft.iron_bars":12,"stat.pickup.harvestcraft.grilledcheeseitem":29,"stat.pickup.minecraft.leather":35,"stat.mineBlock.minecraft.furnace":2,"stat.useItem.minecraft.wooden_pickaxe":6,"stat.pickup.minecraft.prismarine_shard":30,"stat.drop.betteranimalsplus.pheasantraw":1,"stat.pickup.minecraft.prismarine_crystals":42,"stat.pickup.minecraft.reeds":12,"tombstone:undead_killed":29,"stat.useItem.minecraft.magma":2,"stat.damageDealt":27554,"stat.sleepInBed":3,"stat.mineBlock.minecraft.nether_brick_stairs":1,"stat.killEntity.Cow":4,"stat.useItem.minecraft.crafting_table":2,"stat.killEntity.Pig":16,"stat.craftItem.minecraft.iron_sword":5,"stat.pickup.minecraft.boat":6,"stat.walkOneCm":1055629,"stat.mineBlock.realistic_minerals.amazoniteore":5,"stat.pickup.minecraft.stick":21,"stat.pickup.hammertime.itemhammerstone":9,"stat.pickup.minecraft.stone":264,"stat.pickup.betteranimalsplus.pheasantraw":15,"stat.mineBlock.minecraft.packed_ice":540,"stat.pickup.minecraft.gold_ingot":11,"stat.killEntity.Skeleton":21,"stat.killEntity.Spider":17,"stat.pickup.minecraft.bread":10,"stat.mineBlock.minecraft.quartz_ore":7,"stat.pickup.astralsorcery.itemcraftingcomponent":39,"stat.pickup.minecraft.quartz":10,"stat.useItem.minecraft.golden_apple":3,"stat.mineBlock.minecraft.leaves":25,"stat.craftItem.minecraft.brick":0,"stat.mineBlock.minecraft.stone":1087,"stat.pickup.astralsorcery.itemwand":1}