{"stat.useItem.minecraft.bow":7,"stat.craftItem.iceandfire.armor_bronze_chestplate":3,"stat.pickup.iceandfire.fire_dragon_flesh":26,"stat.leaveGame":33,"stat.pickup.tombstone.familiar_stone":6,"stat.pickup.ebwizardry.spell_book":5,"stat.mineBlock.minecraft.stained_glass":2,"stat.craftItem.minecraft.shield":2,"stat.pickup.realistic_minerals.ruby":6,"stat.craftItem.realistic_minerals.fluoritepickaxe":1,"stat.drop.minecraft.iron_sword":2,"stat.pickup.minecraft.rotten_flesh":98,"stat.craftItem.minecraft.stone_axe":1,"stat.pickup.iceandfire.witherbone":8,"stat.pickup.minecraft.bucket":1,"stat.killEntity.Enderman":1,"stat.pickup.minecraft.leather_boots":5,"stat.craftItem.minecraft.iron_shovel":2,"stat.mineBlock.realistic_minerals.fluoriteore":6,"stat.drop.ebwizardry.spell_book":1,"stat.pickup.chisel.chisel_iron":1,"stat.craftItem.iceandfire.silver_ingot":0,"stat.pickup.iceandfire.silver_ingot":30,"stat.useItem.minecraft.iron_pickaxe":2148,"stat.craftItem.minecraft.wooden_pickaxe":1,"stat.mineBlock.realistic_minerals.aventurineore":12,"stat.useItem.minecraft.iron_shovel":253,"stat.pickup.realistic_minerals.fluoritepickaxe":2,"stat.drop.harvestcraft.bolognasandwichitem":12,"stat.drop.iceandfire.armor_bronze_boots":2,"stat.mineBlock.chisel.marble2":86,"stat.mineBlock.minecraft.vine":1,"stat.furnaceInteraction":156,"stat.drop.betteranimalsplus.venisonraw":2,"stat.craftItem.spartanweaponry.material":2,"stat.pickup.minecraft.nether_brick":33,"stat.entityKilledBy.WitherSkeleton":4,"stat.pickup.iceandfire.manuscript":12,"stat.pickup.minecraft.beef":18,"stat.pickup.minecraft.leather_helmet":2,"stat.useItem.minecraft.trapdoor":4,"stat.pickup.realistic_minerals.morganite":2,"stat.useItem.iceandfire.dragon_horn_ice":2,"stat.mineBlock.realistic_minerals.whiteopalore":1,"stat.pickup.tombstone.gift":2,"stat.pickup.minecraft.potion":7,"stat.mineBlock.minecraft.fence":2,"stat.useItem.minecraft.flint_and_steel":3,"stat.mineBlock.minecraft.sea_lantern":2,"stat.pickup.thaumcraft.crystal_essence":38,"stat.mineBlock.astralsorcery.blockmarble":347,"stat.drop.minecraft.cooked_fish":4,"stat.killEntity.Husk":1,"stat.pickup.minecraft.emerald":5,"stat.useItem.harvestcraft.bolognasandwichitem":62,"stat.deaths":83,"stat.craftItem.inventorypets.nugget_emerald":9,"stat.mineBlock.minecraft.stone_pressure_plate":2,"stat.useItem.minecraft.nether_brick":34,"stat.craftItem.minecraft.iron_pickaxe":5,"stat.pickup.astralsorcery.blockmarblestairs":12,"stat.mineBlock.realistic_minerals.blacktourmalineore":4,"stat.drop.minecraft.torch":17,"stat.pickup.chisel.marble2":326,"stat.mineBlock.minecraft.tallgrass":12,"stat.chestOpened":1005,"stat.pickup.betteranimalsplus.wolf_pelt_brown":1,"stat.killEntity.betteranimalsplus.goose":3,"stat.craftItem.minecraft.sign":3,"stat.useItem.minecraft.stone":16,"stat.pickup.minecraft.iron_sword":23,"stat.pickup.minecraft.arrow":216,"stat.craftItem.iceandfire.dragonbone_axe":1,"stat.pickup.realistic_minerals.fluorite":22,"stat.pickup.minecraft.gold_nugget":194,"stat.drop.minecraft.iron_pickaxe":2,"stat.useItem.hammertime.itemhammeriron":21,"stat.pickup.iceandfire.silver_nugget":4,"stat.pickup.chisel.basalt2":4,"stat.pickup.minecraft.carrot":76,"stat.drop.harvestcraft.beanitem":1,"stat.crouchOneCm":89937,"stat.mineBlock.minecraft.chest":7,"stat.craftItem.minecraft.iron_ingot":133,"stat.craftingTableInteraction":168,"stat.pickup.minecraft.nether_brick_fence":3,"stat.pickup.iceandfire.silver_ore":6,"stat.pickup.iceandfire.ice_dragon_flesh":9,"stat.useItem.chisel.marble2":75,"stat.mineBlock.thaumcraft.leaves_greatwood":7,"stat.craftItem.realistic_minerals.whiteopalarmorlegs":1,"stat.pickup.minecraft.dye":38,"stat.pickup.minecraft.planks":127,"stat.pickup.chisel.limestone2":79,"stat.useItem.iceandfire.dragonbone_sword_fire":345,"stat.pickup.minecraft.wheat_seeds":41,"stat.pickup.iceandfire.cyclops_eye":3,"stat.useItem.iceandfire.dragonbone_bow":425,"stat.mineBlock.minecraft.dirt":32,"stat.pickup.inventorypets.lead_pet":1,"stat.craftItem.iceandfire.dragonbone_pickaxe":1,"stat.useItem.minecraft.bread":5,"stat.entityKilledBy.Stray":1,"stat.pickup.betteranimalsplus.boarhead_3":4,"stat.mineBlock.iceandfire.silver_ore":1,"stat.drop.minecraft.porkchop":13,"stat.useItem.minecraft.cobblestone":1131,"stat.pickup.minecraft.magma":7,"stat.useItem.minecraft.gravel":22,"stat.pickup.iceandfire.dragonegg_green":1,"stat.useItem.hammertime.itemhammerstone":46,"stat.pickup.iceandfire.weezer_blue_album":1,"stat.killEntity.betteranimalsplus.reindeer":1,"stat.pickup.astralsorcery.blockwell":6,"stat.pickup.minecraft.iron_pickaxe":16,"stat.pickup.betteranimalsplus.wolfhead_6":3,"stat.drop.minecraft.iron_ore":3,"stat.mineBlock.thaumcraft.crystal_terra":6,"stat.mineBlock.ebwizardry.spruce_bookshelf":7,"stat.mineBlock.iceandfire.frozen_cobblestone":1,"stat.pickup.minecraft.chicken":3,"stat.craftItem.chisel.chisel_iron":1,"stat.mineBlock.chisel.stonebrick2":1,"stat.pickup.minecraft.apple":7,"stat.pickup.inventorypets.nugget_emerald":9,"stat.craftItem.minecraft.bucket":2,"stat.craftItem.minecraft.planks":528,"stat.useItem.minecraft.iron_sword":521,"stat.useItem.minecraft.stonebrick":458,"stat.mineBlock.minecraft.log":203,"stat.pickup.iceandfire.dragonbone":312,"stat.craftItem.spartanweaponry.halberd_iron":1,"stat.drop.minecraft.leather_leggings":1,"stat.pickup.minecraft.iron_door":2,"stat.pickup.minecraft.red_flower":14,"stat.pickup.minecraft.wool":73,"stat.pickup.minecraft.cooked_fish":16,"stat.craftItem.thaumcraft.plank_greatwood":516,"stat.useItem.minecraft.wooden_axe":4,"stat.craftItem.iceandfire.armor_bronze_boots":3,"stat.pickup.astralsorcery.blockblackmarble":34,"stat.pickup.thaumcraft.log_greatwood":282,"stat.mineBlock.thaumcraft.ore_cinnabar":3,"stat.craftItem.minecraft.spruce_door":6,"stat.cakeSlicesEaten":2,"stat.drop.astralsorcery.blockmarble":2,"stat.drop.iceandfire.dragonbone_pickaxe":1,"stat.useItem.minecraft.iron_axe":130,"stat.mineBlock.minecraft.cobblestone":171,"stat.pickup.minecraft.stone_pickaxe":19,"stat.pickup.minecraft.flint":6,"stat.pickup.iceandfire.ice_dragon_heart":2,"stat.craftItem.tombstone.grave_key":3,"stat.craftItem.iceandfire.dragonbone_sword_fire":1,"stat.pickup.minecraft.leather_chestplate":1,"stat.mineBlock.astralsorcery.blockcustomore":1,"stat.drop.betteranimalsplus.eel_meat_raw":1,"stat.useItem.minecraft.snow":2,"stat.pickup.minecraft.enchanted_book":21,"stat.mineBlock.thaumcraft.ore_amber":6,"stat.drop.minecraft.cobblestone":25,"stat.pickup.minecraft.cooked_porkchop":18,"stat.useItem.minecraft.obsidian":55,"stat.pickup.betteranimalsplus.wolf_pelt_red":11,"stat.useItem.minecraft.stone_slab2":205,"stat.pickup.minecraft.bow":9,"stat.pickup.forge.bucketfilled":1,"stat.pickup.minecraft.iron_boots":13,"stat.craftItem.minecraft.furnace":9,"stat.craftItem.minecraft.iron_boots":3,"stat.mineBlock.minecraft.obsidian":102,"stat.pickup.minecraft.shears":2,"stat.pickup.minecraft.diamond_leggings":2,"stat.flyOneCm":1709631,"stat.drop.minecraft.iron_helmet":1,"stat.pickup.minecraft.nether_brick_stairs":3,"stat.pickup.spartanweaponry.caestus":1,"stat.drop.minecraft.chainmail_chestplate":1,"stat.timeSinceDeath":7490,"stat.drop.minecraft.spider_eye":1,"stat.pickup.realistic_minerals.blueopal":12,"stat.craftItem.minecraft.iron_block":3,"stat.craftItem.minecraft.stonebrick":544,"stat.pickup.minecraft.nether_wart":6,"stat.pickup.iceandfire.frozen_cobblestone":2,"stat.mineBlock.realistic_minerals.fireopalore":1,"stat.drop.hammertime.itemhammeriron":1,"stat.mineBlock.minecraft.coal_ore":420,"stat.drop.minecraft.wool":12,"stat.pickup.minecraft.shield":13,"stat.killEntity.Creeper":3,"stat.drop.spartanweaponry.halberd_iron":1,"stat.pickup.minecraft.string":67,"stat.mineBlock.minecraft.ladder":2,"stat.pickup.tombstone.crafting_ingredient":22,"stat.entityKilledBy.Skeleton":14,"stat.sprintOneCm":1133035,"stat.killEntity.betteranimalsplus.pheasant":8,"stat.mineBlock.minecraft.stone_slab":1,"stat.craftItem.minecraft.wooden_axe":1,"stat.useItem.tombstone.magic_scroll":4,"stat.pickup.realistic_minerals.aquamarine":17,"stat.useItem.minecraft.snowball":406,"stat.mineBlock.minecraft.diamond_ore":7,"stat.drop.harvestcraft.garlicitem":4,"stat.pickup.minecraft.leather_leggings":12,"stat.craftItem.iceandfire.armor_gray_helmet":1,"stat.pickup.ebwizardry.ruined_spell_book":2,"stat.useItem.minecraft.ladder":50,"stat.pickup.tombstone.grave_key":1,"stat.drop.ebwizardry.crystal_flower":1,"stat.killEntity.Zombie":77,"stat.pickup.minecraft.snowball":3513,"stat.pickup.chisel.stonebrick2":2,"stat.diveOneCm":171586,"stat.pickup.minecraft.wheat":4,"stat.mineBlock.minecraft.mossy_cobblestone":1,"stat.pickup.iceandfire.dragonscales_sapphire":122,"stat.mineBlock.astralsorcery.blockmarblestairs":4,"stat.craftItem.minecraft.ladder":63,"stat.pickup.minecraft.sign":5,"stat.pickup.iceandfire.dragonscales_bronze":116,"stat.pickup.iceandfire.dragonbone_arrow":14,"stat.useItem.minecraft.chicken":2,"stat.pickup.minecraft.stone_axe":3,"stat.pickup.minecraft.obsidian":148,"stat.craftItem.iceandfire.wither_shard":3,"stat.useItem.minecraft.rotten_flesh":6,"stat.jump":10884,"stat.useItem.minecraft.sand":1,"stat.pickup.minecraft.coal":1010,"stat.pickup.minecraft.iron_ingot":159,"stat.drop.iceandfire.dragonbone_sword_ice":1,"stat.pickup.minecraft.gunpowder":3,"stat.craftItem.minecraft.torch":252,"stat.pickup.thaumcraft.plank_greatwood":12,"stat.pickup.minecraft.dirt":256,"stat.craftItem.malisisdoors.big_door_spruce_3x3":1,"stat.useItem.astralsorcery.blockblackmarble":6,"stat.craftItem.iceandfire.armor_bronze_leggings":3,"stat.pickup.iceandfire.fire_dragon_heart":7,"stat.useItem.minecraft.sapling":1,"stat.pickup.minecraft.iron_axe":9,"stat.damageTaken":35816,"stat.mineBlock.minecraft.torch":32,"stat.pickup.minecraft.written_book":4,"stat.pickup.ebwizardry.crystal_flower":19,"stat.entityKilledBy.ZombieVillager":1,"stat.pickup.minecraft.bed":1,"stat.killEntity.hippogryph":1,"stat.pickup.minecraft.potato":10,"stat.useItem.forge.bucketfilled":11,"stat.entityKilledBy.Zombie":13,"stat.pickup.minecraft.diamond_axe":1,"stat.pickup.hammertime.itemhammeriron":10,"stat.killEntity.Silverfish":8,"stat.useItem.minecraft.chest":17,"stat.mineBlock.realistic_minerals.rosequartzore":15,"stat.killEntity.ebwizardry:ice_wraith":19,"stat.killEntity.betteranimalsplus.feralwolf":6,"stat.useItem.minecraft.lava_bucket":39,"stat.mineBlock.realistic_minerals.smokyquartzore":10,"stat.useItem.tombstone.gift":2,"stat.mineBlock.astralsorcery.blockwell":6,"stat.useItem.iceandfire.dragonbone_axe":316,"stat.craftItem.minecraft.iron_chestplate":4,"stat.craftItem.hammertime.itemhammerdiamond":1,"stat.pickup.minecraft.baked_potato":12,"stat.killEntity.if_troll":1,"stat.entityKilledBy.icedragon":4,"stat.pickup.ebwizardry.spruce_bookshelf":7,"stat.pickup.minecraft.ladder":36,"stat.useItem.minecraft.netherrack":36,"stat.killEntity.Stray":1,"stat.entityKilledBy.betteranimalsplus.feralwolf":2,"stat.pickup.iceandfire.dragonbone_pickaxe":2,"stat.mineBlock.minecraft.stonebrick":34,"stat.mobKills":399,"stat.useItem.iceandfire.ice_dragon_flesh":3,"stat.useItem.minecraft.boat":5,"stat.useItem.minecraft.mossy_cobblestone":2,"stat.pickup.minecraft.diamond":13,"stat.pickup.minecraft.torch":179,"stat.pickup.realistic_minerals.garnetfragments":28,"stat.pickup.thaumcraft.brain":7,"stat.pickup.astralsorcery.blockmarble":854,"stat.mineBlock.astralsorcery.blockcustomsandore":9,"stat.craftItem.thaumcraft.quicksilver":0,"stat.killEntity.firedragon":7,"stat.pickup.realistic_minerals.smokyquartz":20,"stat.craftItem.iceandfire.dragonbone_arrow":15,"stat.useItem.iceandfire.fire_dragon_flesh":25,"stat.mineBlock.realistic_minerals.aquamarineore":1,"stat.mineBlock.ebwizardry.crystal_flower":4,"stat.mineBlock.thaumcraft.ore_quartz":1,"stat.useItem.iceandfire.dragonbone_sword":434,"stat.craftItem.minecraft.iron_axe":1,"stat.useItem.iceandfire.dragon_horn_fire":1,"stat.killEntity.Blaze":21,"stat.pickup.astralsorcery.itemconstellationpaper":8,"stat.useItem.astralsorcery.blockwell":7,"stat.useItem.minecraft.mutton":6,"stat.useItem.minecraft.planks":93,"stat.useItem.tombstone.familiar_stone":1,"stat.useItem.minecraft.nether_brick_stairs":1,"stat.pickup.minecraft.golden_boots":1,"stat.craftItem.iceandfire.armor_bronze_helmet":3,"stat.pickup.realistic_minerals.whiteopal":14,"stat.drop.inventorypets.crafting_table_pet":1,"stat.pickup.minecraft.porkchop":49,"stat.craftItem.astralsorcery.itemwand":1,"stat.drop.ebwizardry.magic_crystal":1,"stat.pickup.ebwizardry.gilded_wood":2,"stat.useItem.minecraft.water_bucket":6,"stat.mineBlock.thaumcraft.log_greatwood":283,"stat.mineBlock.minecraft.nether_brick_fence":2,"stat.pickup.minecraft.sand":4,"stat.entityKilledBy.Spider":2,"stat.pickup.minecraft.name_tag":1,"stat.pickup.iceandfire.dragonegg_white":1,"stat.entityKilledBy.cyclops":2,"stat.killEntity.icedragon":1,"stat.mineBlock.minecraft.snow_layer":78,"stat.entityKilledBy.firedragon":7,"stat.mineBlock.minecraft.sand":4,"stat.pickup.iceandfire.ash":2,"stat.craftItem.iceandfire.dragon_stick":1,"stat.pickup.betteranimalsplus.eel_meat_raw":1,"stat.hopperInspected":2,"stat.drop.astralsorcery.itemjournal":1,"stat.craftItem.iceandfire.dragonbone_sword_ice":1,"stat.drop.minecraft.diamond":3,"stat.useItem.minecraft.spawn_egg":3,"stat.pickup.astralsorcery.itemjournal":6,"stat.pickup.spartanweaponry.greatsword_iron":4,"stat.useItem.iceandfire.dragonbone_sword_ice":29,"stat.trappedChestTriggered":2,"stat.drop.iceandfire.armor_bronze_leggings":2,"stat.pickup.iceandfire.dragon_skull":28,"stat.drop.iceandfire.armor_bronze_helmet":2,"stat.drop.minecraft.stone_slab":1,"stat.pickup.harvestcraft.turnipitem":1,"stat.pickup.minecraft.furnace":2,"stat.useItem.minecraft.cooked_mutton":1,"stat.drop.iceandfire.dragon_skull":1,"stat.pickup.realistic_minerals.blacktourmaline":28,"stat.pickup.minecraft.iron_chestplate":14,"stat.pickup.tombstone.magic_scroll":5,"stat.drop.harvestcraft.turnipitem":1,"stat.drop.harvestcraft.zucchiniitem":1,"stat.craftItem.realistic_minerals.fluoriteshovel":1,"stat.pickup.minecraft.stone_stairs":2,"stat.pickup.thaumcraft.nugget":6,"stat.drop.minecraft.snowball":2,"stat.mineBlock.minecraft.soul_sand":2,"stat.playOneMinute":954246,"stat.pickup.minecraft.blaze_rod":14,"stat.drop.minecraft.string":2,"stat.pickup.minecraft.iron_bars":38,"stat.pickup.realistic_minerals.aventurine":24,"stat.pickup.minecraft.netherrack":284,"stat.mineBlock.minecraft.netherrack":290,"stat.mineBlock.minecraft.ice":189,"stat.craftItem.iceandfire.dragonbone_sword":2,"stat.pickup.betteranimalsplus.venisonraw":2,"stat.pickup.thaumcraft.sapling_greatwood":2,"stat.useItem.harvestcraft.grilledcheeseitem":11,"stat.mineBlock.minecraft.gold_block":2,"stat.craftItem.minecraft.iron_nugget":0,"stat.pickup.minecraft.cooked_chicken":4,"stat.fallOneCm":299675,"stat.drop.minecraft.stone":4,"stat.craftItem.minecraft.chest":27,"stat.useItem.minecraft.nether_brick_fence":3,"stat.mineBlock.ebwizardry.gilded_wood":2,"stat.pickup.minecraft.golden_leggings":2,"stat.craftItem.astralsorcery.blockblackmarble":16,"stat.entityKilledBy.ebwizardry:evil_wizard":1,"stat.craftItem.iceandfire.armor_gray_leggings":1,"stat.pickup.minecraft.feather":6,"stat.drop.minecraft.bone":2,"stat.useItem.minecraft.furnace":6,"stat.pickup.realistic_minerals.rosequartz":28,"stat.pickup.iceandfire.dragonscales_red":24,"stat.pickup.minecraft.iron_leggings":9,"stat.mineBlock.minecraft.snow":166,"stat.pickup.realistic_minerals.amazonite":108,"stat.mineBlock.minecraft.gravel":32,"stat.useItem.minecraft.stone_pickaxe":1013,"stat.craftItem.minecraft.iron_leggings":2,"stat.craftItem.iceandfire.armor_gray_boots":1,"stat.pickup.iceandfire.dragon_ice_spikes":24,"stat.useItem.minecraft.iron_bars":5,"stat.mineBlock.minecraft.monster_egg":1,"stat.pickup.minecraft.flint_and_steel":2,"stat.useItem.minecraft.torch":176,"stat.pickup.minecraft.iron_nugget":8,"stat.pickup.minecraft.crafting_table":15,"stat.useItem.ebwizardry.spruce_bookshelf":5,"stat.craftItem.minecraft.crafting_table":13,"stat.mineBlock.realistic_minerals.amethystore":16,"stat.craftItem.minecraft.boat":3,"stat.mineBlock.realistic_minerals.rubyore":3,"stat.mineBlock.ebwizardry.crystal_ore":9,"stat.mineBlock.minecraft.emerald_ore":2,"stat.pickup.minecraft.log":343,"stat.drop.minecraft.sign":3,"stat.craftItem.hammertime.itemhammerstone":2,"stat.pickup.minecraft.web":30,"stat.pickup.minecraft.chainmail_leggings":1,"stat.pickup.minecraft.sapling":83,"stat.entityKilledBy.Enderman":1,"stat.craftItem.astralsorcery.blockaltar":1,"stat.pickup.iceandfire.dragonscales_gray":43,"stat.mineBlock.iceandfire.goldpile":9,"stat.craftItem.minecraft.snow":3,"stat.killEntity.WitherSkeleton":27,"stat.pickup.harvestcraft.juteitem":1,"stat.mineBlock.iceandfire.dragon_ice_spikes":13,"stat.sneakTime":32111,"stat.pickup.thaumcraft.amber":18,"stat.mineBlock.realistic_minerals.alexandriteore":1,"stat.pickup.harvestcraft.tealeafitem":1,"stat.pickup.minecraft.stone_slab":24,"stat.pickup.minecraft.yellow_flower":2,"stat.pickup.minecraft.chest":8,"stat.pickup.minecraft.bone":238,"stat.pickup.minecraft.stone_pressure_plate":1,"stat.pickup.realistic_minerals.citrine":6,"stat.useItem.spartanweaponry.greatsword_iron":69,"stat.swimOneCm":229498,"stat.climbOneCm":67662,"stat.pickup.realistic_minerals.topaz":2,"stat.useItem.minecraft.dirt":11,"stat.killEntity.betteranimalsplus.boar":8,"stat.pickup.realistic_minerals.fluoriteshovel":3,"stat.craftItem.iceandfire.dragonbone_bow":1,"stat.pickup.inventorypets.creeper_pet":1,"stat.craftItem.minecraft.trapdoor":4,"stat.craftItem.minecraft.stone_pickaxe":9,"stat.mineBlock.minecraft.magma":3,"stat.pickup.minecraft.cobblestone":6691,"stat.pickup.thaumcraft.smelter_aux":78,"stat.pickup.minecraft.gold_block":4,"stat.useItem.harvestcraft.juteitem":1,"stat.mineBlock.chisel.limestone2":14,"stat.craftItem.minecraft.glass_bottle":3,"stat.pickup.minecraft.soul_sand":2,"stat.drop.minecraft.wheat_seeds":1,"stat.pickup.minecraft.redstone":39,"stat.mineBlock.minecraft.iron_ore":139,"stat.pickup.iceandfire.dragon_horn_ice":1,"stat.craftItem.iceandfire.dragon_horn":2,"stat.useItem.minecraft.sign":1,"stat.useItem.thaumcraft.plank_greatwood":298,"stat.pickup.minecraft.mutton":33,"stat.pickup.minecraft.mossy_cobblestone":41,"stat.pickup.minecraft.wooden_axe":1,"stat.useItem.realistic_minerals.fluoritepickaxe":14,"stat.pickup.minecraft.stonebrick":52,"stat.pickup.harvestcraft.bolognasandwichitem":305,"stat.drop.minecraft.dirt":1,"stat.pickup.ebwizardry.magic_crystal":117,"stat.pickup.minecraft.iron_shovel":3,"stat.useItem.minecraft.cooked_porkchop":14,"stat.mineBlock.thaumcraft.plank_greatwood":12,"stat.pickup.minecraft.trapdoor":2,"stat.pickup.minecraft.diamond_shovel":1,"stat.mineBlock.minecraft.nether_brick":38,"stat.pickup.iceandfire.frozen_stone":49,"stat.useItem.astralsorcery.blockmarble":90,"stat.useItem.iceandfire.frozen_stone":25,"stat.craftItem.minecraft.stone_slab2":0,"stat.pickup.betteranimalsplus.turkey_egg":1,"stat.craftItem.minecraft.stick":288,"stat.drop.minecraft.potion":1,"stat.useItem.minecraft.stone_slab":6,"stat.craftItem.minecraft.stone":558,"stat.mineBlock.minecraft.crafting_table":8,"stat.useItem.minecraft.carrot":15,"stat.useItem.hammertime.itemhammerdiamond":24,"stat.pickup.iceandfire.dragonbone_sword_fire":1,"stat.craftItem.iceandfire.armor_gray_chestplate":1,"stat.pickup.minecraft.diamond_chestplate":1,"stat.entityKilledBy.Creeper":3,"stat.mineBlock.minecraft.planks":2,"stat.drop":145,"stat.killEntity.cyclops":1,"stat.killEntity.Sheep":8,"stat.craftItem.hammertime.itemhammeriron":3,"stat.pickup.inventorypets.nugget_obsidian":28,"stat.pickup.ebwizardry.spark_bomb":1,"stat.useItem.realistic_minerals.fluoriteshovel":10,"stat.pickup.minecraft.golden_chestplate":1,"stat.craftItem.spartanweaponry.greatsword_iron":1,"stat.pickup.minecraft.gravel":387,"stat.useItem.minecraft.diamond_axe":5,"stat.useItem.minecraft.apple":4,"stat.useItem.minecraft.porkchop":7,"stat.useItem.minecraft.potion":3,"stat.pickup.astralsorcery.itemrockcrystalsimple":2,"stat.pickup.minecraft.diamond_sword":1,"stat.pickup.minecraft.fence":6,"stat.pickup.minecraft.iron_helmet":4,"stat.pickup.thaumcraft.quicksilver":3,"stat.useItem.minecraft.stone_axe":31,"stat.mineBlock.iceandfire.frozen_stone":24,"stat.mineBlock.harvestcraft.shadedgarden":1,"stat.pickup.minecraft.spider_eye":23,"stat.craftItem.minecraft.iron_helmet":1,"stat.pickup.minecraft.iron_ore":266,"stat.entityKilledBy.siren":8,"stat.pickup.iceandfire.shiny_scales":54,"stat.boatOneCm":188611,"stat.mineBlock.minecraft.iron_bars":15,"stat.pickup.harvestcraft.grilledcheeseitem":29,"stat.craftItem.minecraft.flint_and_steel":2,"stat.pickup.minecraft.leaves":7,"stat.pickup.minecraft.leather":35,"stat.mineBlock.minecraft.furnace":2,"stat.useItem.minecraft.wooden_pickaxe":6,"stat.pickup.minecraft.prismarine_shard":30,"stat.drop.betteranimalsplus.pheasantraw":1,"stat.drop.iceandfire.armor_bronze_chestplate":2,"stat.pickup.iceandfire.sapphire_gem":2,"stat.useItem.iceandfire.dragonbone_pickaxe":1618,"stat.pickup.minecraft.prismarine_crystals":42,"stat.pickup.minecraft.reeds":12,"stat.pickup.realistic_minerals.blackopal":4,"tombstone:undead_killed":122,"stat.useItem.tombstone.grave_key":1,"stat.useItem.minecraft.magma":2,"stat.damageDealt":58070,"stat.craftItem.minecraft.glass":0,"stat.killEntity.Wisp":1,"stat.sleepInBed":3,"stat.craftItem.minecraft.anvil":1,"stat.mineBlock.minecraft.nether_brick_stairs":3,"stat.killEntity.Cow":4,"stat.useItem.minecraft.crafting_table":2,"stat.killEntity.Pig":16,"stat.craftItem.minecraft.iron_sword":5,"stat.pickup.minecraft.boat":6,"stat.walkOneCm":1865260,"stat.mineBlock.realistic_minerals.amazoniteore":12,"stat.pickup.minecraft.stick":38,"stat.pickup.hammertime.itemhammerstone":9,"stat.pickup.realistic_minerals.amethyst":32,"stat.mineBlock.realistic_minerals.topazore":1,"stat.pickup.inventorypets.cow_pet":1,"stat.entityKilledBy.ebwizardry:ice_wraith":1,"stat.pickup.minecraft.stone":312,"stat.pickup.biomesoplenty.fleshchunk":53,"stat.pickup.betteranimalsplus.pheasantraw":15,"stat.pickup.harvestcraft.zucchiniitem":1,"stat.mineBlock.minecraft.packed_ice":565,"stat.mineBlock.realistic_minerals.citrineore":4,"stat.pickup.minecraft.gold_ingot":30,"stat.killEntity.Skeleton":47,"stat.pickup.thaumcraft.ore_cinnabar":3,"stat.killEntity.Chicken":2,"stat.killEntity.Spider":40,"stat.pickup.minecraft.bread":10,"stat.mineBlock.minecraft.quartz_ore":43,"stat.mineBlock.biomesoplenty.flesh":60,"stat.pickup.astralsorcery.itemcraftingcomponent":46,"stat.useItem.thaumcraft.log_greatwood":13,"stat.pickup.minecraft.quartz":52,"stat.useItem.minecraft.golden_apple":3,"stat.pickup.iceandfire.dragonegg_gray":1,"stat.mineBlock.minecraft.leaves":33,"stat.mineBlock.minecraft.redstone_ore":3,"stat.pickup.minecraft.lava_bucket":1,"stat.craftItem.minecraft.brick":0,"stat.mineBlock.minecraft.stone":1990,"stat.pickup.astralsorcery.itemwand":3}