{"stat.useItem.minecraft.bow":2,"stat.mineBlock.realistic_minerals.aquamarineore":1,"stat.leaveGame":19,"stat.mineBlock.ebwizardry.crystal_flower":4,"stat.mineBlock.thaumcraft.ore_quartz":1,"stat.craftItem.minecraft.iron_axe":1,"stat.pickup.ebwizardry.spell_book":4,"stat.pickup.astralsorcery.itemconstellationpaper":5,"stat.useItem.minecraft.mutton":6,"stat.mineBlock.minecraft.stained_glass":2,"stat.craftItem.minecraft.shield":1,"stat.useItem.minecraft.planks":10,"stat.pickup.minecraft.porkchop":45,"stat.craftItem.astralsorcery.itemwand":1,"stat.drop.ebwizardry.magic_crystal":1,"stat.pickup.realistic_minerals.ruby":6,"stat.craftItem.realistic_minerals.fluoritepickaxe":1,"stat.drop.minecraft.iron_sword":1,"stat.pickup.minecraft.rotten_flesh":31,"stat.craftItem.minecraft.stone_axe":1,"stat.pickup.iceandfire.dragonegg_white":1,"stat.entityKilledBy.cyclops":2,"stat.pickup.minecraft.leather_boots":5,"stat.craftItem.minecraft.iron_shovel":1,"stat.pickup.betteranimalsplus.eel_meat_raw":1,"stat.hopperInspected":2,"stat.drop.astralsorcery.itemjournal":1,"stat.drop.minecraft.diamond":3,"stat.useItem.minecraft.iron_pickaxe":1491,"stat.craftItem.minecraft.wooden_pickaxe":1,"stat.useItem.minecraft.iron_shovel":4,"stat.pickup.realistic_minerals.fluoritepickaxe":2,"stat.pickup.astralsorcery.itemjournal":3,"stat.pickup.spartanweaponry.greatsword_iron":4,"stat.trappedChestTriggered":2,"stat.mineBlock.chisel.marble2":54,"stat.mineBlock.minecraft.vine":1,"stat.furnaceInteraction":32,"stat.drop.betteranimalsplus.venisonraw":2,"stat.craftItem.spartanweaponry.material":2,"stat.pickup.iceandfire.dragon_skull":5,"stat.pickup.iceandfire.manuscript":12,"stat.pickup.minecraft.beef":18,"stat.pickup.minecraft.furnace":2,"stat.useItem.minecraft.cooked_mutton":1,"stat.drop.iceandfire.dragon_skull":1,"stat.pickup.realistic_minerals.blacktourmaline":20,"stat.pickup.minecraft.iron_chestplate":6,"stat.craftItem.realistic_minerals.fluoriteshovel":1,"stat.pickup.minecraft.stone_stairs":1,"stat.pickup.minecraft.potion":7,"stat.mineBlock.minecraft.fence":2,"stat.mineBlock.minecraft.sea_lantern":2,"stat.mineBlock.astralsorcery.blockmarble":251,"stat.drop.minecraft.cooked_fish":4,"stat.drop.minecraft.snowball":2,"stat.useItem.harvestcraft.bolognasandwichitem":10,"stat.deaths":42,"stat.playOneMinute":458996,"stat.mineBlock.minecraft.stone_pressure_plate":2,"stat.craftItem.minecraft.iron_pickaxe":2,"stat.pickup.astralsorcery.blockmarblestairs":8,"stat.mineBlock.realistic_minerals.blacktourmalineore":1,"stat.pickup.minecraft.iron_bars":26,"stat.drop.minecraft.torch":17,"stat.pickup.chisel.marble2":275,"stat.mineBlock.minecraft.tallgrass":4,"stat.chestOpened":271,"stat.killEntity.betteranimalsplus.goose":3,"stat.craftItem.minecraft.sign":3,"stat.useItem.minecraft.stone":10,"stat.pickup.minecraft.iron_sword":16,"stat.pickup.minecraft.arrow":83,"stat.mineBlock.minecraft.ice":182,"stat.pickup.realistic_minerals.fluorite":10,"stat.pickup.betteranimalsplus.venisonraw":2,"stat.pickup.minecraft.gold_nugget":194,"stat.pickup.thaumcraft.sapling_greatwood":2,"stat.drop.minecraft.iron_pickaxe":2,"stat.useItem.hammertime.itemhammeriron":4,"stat.useItem.harvestcraft.grilledcheeseitem":11,"stat.craftItem.minecraft.iron_nugget":0,"stat.pickup.minecraft.cooked_chicken":4,"stat.fallOneCm":136027,"stat.drop.minecraft.stone":4,"stat.pickup.minecraft.carrot":76,"stat.crouchOneCm":33273,"stat.mineBlock.minecraft.chest":2,"stat.craftItem.minecraft.iron_ingot":40,"stat.craftItem.minecraft.chest":14,"stat.craftingTableInteraction":111,"stat.craftItem.astralsorcery.blockblackmarble":16,"stat.pickup.iceandfire.ice_dragon_flesh":7,"stat.pickup.minecraft.planks":83,"stat.pickup.minecraft.iron_leggings":4,"stat.pickup.chisel.limestone2":55,"stat.useItem.iceandfire.dragonbone_sword_fire":55,"stat.pickup.minecraft.wheat_seeds":33,"stat.mineBlock.minecraft.gravel":2,"stat.useItem.minecraft.stone_pickaxe":981,"stat.pickup.iceandfire.cyclops_eye":3,"stat.craftItem.minecraft.iron_leggings":1,"stat.mineBlock.minecraft.dirt":24,"stat.pickup.inventorypets.lead_pet":1,"stat.useItem.minecraft.torch":98,"stat.useItem.minecraft.bread":5,"stat.entityKilledBy.Stray":1,"stat.drop.minecraft.porkchop":13,"stat.pickup.minecraft.crafting_table":11,"stat.useItem.minecraft.cobblestone":985,"stat.craftItem.minecraft.crafting_table":11,"stat.useItem.minecraft.gravel":2,"stat.craftItem.minecraft.boat":3,"stat.mineBlock.realistic_minerals.rubyore":3,"stat.useItem.hammertime.itemhammerstone":46,"stat.mineBlock.ebwizardry.crystal_ore":3,"stat.pickup.minecraft.log":301,"stat.killEntity.betteranimalsplus.reindeer":1,"stat.drop.minecraft.sign":3,"stat.pickup.minecraft.iron_pickaxe":14,"stat.pickup.betteranimalsplus.wolfhead_6":3,"stat.drop.minecraft.iron_ore":3,"stat.craftItem.hammertime.itemhammerstone":2,"stat.pickup.minecraft.web":24,"stat.pickup.minecraft.sapling":76,"stat.entityKilledBy.Enderman":1,"stat.craftItem.astralsorcery.blockaltar":1,"stat.pickup.minecraft.apple":6,"stat.mineBlock.iceandfire.goldpile":9,"stat.craftItem.minecraft.planks":360,"stat.useItem.minecraft.iron_sword":262,"stat.craftItem.minecraft.snow":3,"stat.mineBlock.minecraft.log":165,"stat.pickup.iceandfire.dragonbone":92,"stat.craftItem.spartanweaponry.halberd_iron":1,"stat.drop.minecraft.leather_leggings":1,"stat.pickup.minecraft.iron_door":2,"stat.pickup.harvestcraft.juteitem":1,"stat.pickup.minecraft.red_flower":13,"stat.sneakTime":11787,"stat.pickup.thaumcraft.amber":18,"stat.pickup.minecraft.wool":68,"stat.pickup.minecraft.cooked_fish":16,"stat.useItem.minecraft.wooden_axe":4,"stat.pickup.minecraft.yellow_flower":2,"stat.pickup.astralsorcery.blockblackmarble":25,"stat.pickup.minecraft.chest":2,"stat.cakeSlicesEaten":2,"stat.drop.astralsorcery.blockmarble":1,"stat.pickup.minecraft.bone":82,"stat.pickup.minecraft.stone_pressure_plate":1,"stat.useItem.minecraft.iron_axe":130,"stat.mineBlock.minecraft.cobblestone":133,"stat.pickup.minecraft.stone_pickaxe":18,"stat.pickup.minecraft.flint":1,"stat.pickup.iceandfire.ice_dragon_heart":1,"stat.useItem.spartanweaponry.greatsword_iron":69,"stat.swimOneCm":137650,"stat.drop.betteranimalsplus.eel_meat_raw":1,"stat.useItem.minecraft.snow":2,"stat.climbOneCm":9613,"stat.pickup.minecraft.enchanted_book":21,"stat.mineBlock.thaumcraft.ore_amber":6,"stat.drop.minecraft.cobblestone":17,"stat.useItem.minecraft.dirt":11,"stat.killEntity.betteranimalsplus.boar":2,"stat.pickup.betteranimalsplus.wolf_pelt_red":11,"stat.useItem.minecraft.stone_slab2":90,"stat.pickup.minecraft.bow":7,"stat.pickup.minecraft.iron_boots":5,"stat.craftItem.minecraft.furnace":2,"stat.pickup.realistic_minerals.fluoriteshovel":3,"stat.craftItem.minecraft.iron_boots":1,"stat.pickup.inventorypets.creeper_pet":1,"stat.craftItem.minecraft.stone_pickaxe":9,"stat.pickup.minecraft.shears":2,"stat.pickup.minecraft.cobblestone":5066,"stat.useItem.harvestcraft.juteitem":1,"stat.mineBlock.chisel.limestone2":6,"stat.flyOneCm":675934,"stat.pickup.spartanweaponry.caestus":1,"stat.pickup.minecraft.redstone":3,"stat.mineBlock.minecraft.iron_ore":54,"stat.timeSinceDeath":8475,"stat.useItem.minecraft.sign":1,"stat.pickup.minecraft.mutton":33,"stat.pickup.minecraft.mossy_cobblestone":21,"stat.pickup.minecraft.wooden_axe":1,"stat.useItem.realistic_minerals.fluoritepickaxe":14,"stat.pickup.minecraft.stonebrick":12,"stat.pickup.harvestcraft.bolognasandwichitem":305,"stat.pickup.ebwizardry.magic_crystal":40,"stat.pickup.minecraft.iron_shovel":1,"stat.drop.hammertime.itemhammeriron":1,"stat.mineBlock.minecraft.coal_ore":337,"stat.drop.minecraft.wool":12,"stat.pickup.minecraft.shield":8,"stat.pickup.iceandfire.frozen_stone":18,"stat.killEntity.Creeper":1,"stat.drop.spartanweaponry.halberd_iron":1,"stat.pickup.minecraft.string":6,"stat.mineBlock.minecraft.ladder":1,"stat.useItem.astralsorcery.blockmarble":61,"stat.entityKilledBy.Skeleton":10,"stat.craftItem.minecraft.stone_slab2":0,"stat.sprintOneCm":494471,"stat.killEntity.betteranimalsplus.pheasant":8,"stat.pickup.betteranimalsplus.turkey_egg":1,"stat.craftItem.minecraft.wooden_axe":1,"stat.craftItem.minecraft.stick":140,"stat.drop.minecraft.potion":1,"stat.pickup.realistic_minerals.aquamarine":11,"stat.craftItem.minecraft.stone":9,"stat.useItem.minecraft.snowball":16,"stat.mineBlock.minecraft.crafting_table":6,"stat.useItem.minecraft.carrot":15,"stat.pickup.iceandfire.dragonbone_sword_fire":1,"stat.pickup.minecraft.leather_leggings":11,"stat.entityKilledBy.Creeper":3,"stat.mineBlock.minecraft.planks":2,"stat.drop":94,"stat.killEntity.cyclops":1,"stat.killEntity.Sheep":8,"stat.craftItem.hammertime.itemhammeriron":2,"stat.pickup.inventorypets.nugget_obsidian":13,"stat.useItem.minecraft.ladder":13,"stat.useItem.realistic_minerals.fluoriteshovel":10,"stat.drop.ebwizardry.crystal_flower":1,"stat.craftItem.spartanweaponry.greatsword_iron":1,"stat.killEntity.Zombie":17,"stat.pickup.minecraft.snowball":75,"stat.diveOneCm":125166,"stat.pickup.minecraft.wheat":3,"stat.mineBlock.minecraft.mossy_cobblestone":1,"stat.pickup.iceandfire.dragonscales_sapphire":51,"stat.mineBlock.astralsorcery.blockmarblestairs":4,"stat.craftItem.minecraft.ladder":15,"stat.pickup.minecraft.sign":5,"stat.pickup.minecraft.gravel":352,"stat.pickup.minecraft.stone_axe":2,"stat.useItem.minecraft.apple":4,"stat.useItem.minecraft.porkchop":3,"stat.useItem.minecraft.potion":1,"stat.useItem.minecraft.rotten_flesh":6,"stat.jump":5064,"stat.pickup.minecraft.fence":6,"stat.pickup.minecraft.coal":850,"stat.pickup.minecraft.iron_helmet":4,"stat.pickup.minecraft.iron_ingot":17,"stat.useItem.minecraft.stone_axe":31,"stat.mineBlock.harvestcraft.shadedgarden":1,"stat.pickup.minecraft.spider_eye":11,"stat.craftItem.minecraft.torch":184,"stat.pickup.minecraft.dirt":251,"stat.craftItem.minecraft.iron_helmet":1,"stat.useItem.astralsorcery.blockblackmarble":6,"stat.pickup.minecraft.iron_ore":129,"stat.entityKilledBy.siren":8,"stat.pickup.iceandfire.shiny_scales":54,"stat.boatOneCm":188611,"stat.mineBlock.minecraft.iron_bars":8,"stat.useItem.minecraft.sapling":1,"stat.pickup.harvestcraft.grilledcheeseitem":29,"stat.pickup.minecraft.iron_axe":9,"stat.damageTaken":15247,"stat.pickup.minecraft.leather":35,"stat.mineBlock.minecraft.furnace":2,"stat.mineBlock.minecraft.torch":19,"stat.pickup.minecraft.written_book":4,"stat.useItem.minecraft.wooden_pickaxe":6,"stat.pickup.minecraft.prismarine_shard":30,"stat.drop.betteranimalsplus.pheasantraw":1,"stat.pickup.ebwizardry.crystal_flower":19,"stat.pickup.minecraft.prismarine_crystals":42,"stat.entityKilledBy.ZombieVillager":1,"stat.pickup.minecraft.reeds":12,"stat.pickup.minecraft.bed":1,"stat.killEntity.hippogryph":1,"stat.pickup.minecraft.potato":10,"stat.entityKilledBy.Zombie":2,"stat.damageDealt":17132,"stat.sleepInBed":3,"stat.pickup.hammertime.itemhammeriron":6,"stat.killEntity.Silverfish":8,"stat.killEntity.Cow":4,"stat.useItem.minecraft.crafting_table":2,"stat.killEntity.Pig":16,"stat.craftItem.minecraft.iron_sword":3,"stat.pickup.minecraft.boat":6,"stat.walkOneCm":775629,"stat.useItem.minecraft.chest":8,"stat.pickup.minecraft.stick":21,"stat.killEntity.betteranimalsplus.feralwolf":4,"stat.pickup.hammertime.itemhammerstone":9,"stat.pickup.minecraft.stone":188,"stat.craftItem.minecraft.iron_chestplate":2,"stat.pickup.minecraft.baked_potato":12,"stat.pickup.betteranimalsplus.pheasantraw":15,"stat.entityKilledBy.icedragon":4,"stat.mineBlock.minecraft.packed_ice":540,"stat.pickup.minecraft.ladder":31,"stat.pickup.minecraft.gold_ingot":11,"stat.killEntity.Skeleton":12,"stat.entityKilledBy.betteranimalsplus.feralwolf":2,"stat.killEntity.Spider":1,"stat.pickup.minecraft.bread":10,"stat.pickup.astralsorcery.itemcraftingcomponent":23,"stat.mobKills":90,"stat.pickup.minecraft.quartz":2,"stat.useItem.minecraft.boat":5,"stat.useItem.minecraft.mossy_cobblestone":2,"stat.pickup.minecraft.diamond":2,"stat.mineBlock.minecraft.leaves":25,"stat.pickup.minecraft.torch":142,"stat.pickup.realistic_minerals.garnetfragments":20,"stat.pickup.thaumcraft.brain":2,"stat.pickup.astralsorcery.blockmarble":626,"stat.mineBlock.astralsorcery.blockcustomsandore":3,"stat.craftItem.minecraft.brick":0,"stat.mineBlock.minecraft.stone":920,"stat.pickup.astralsorcery.itemwand":1}