{"stat.useItem.minecraft.bow":7,"stat.craftItem.iceandfire.armor_bronze_chestplate":3,"stat.pickup.iceandfire.fire_dragon_flesh":10,"stat.leaveGame":24,"stat.pickup.tombstone.familiar_stone":2,"stat.pickup.ebwizardry.spell_book":5,"stat.mineBlock.minecraft.stained_glass":2,"stat.craftItem.minecraft.shield":2,"stat.pickup.realistic_minerals.ruby":6,"stat.craftItem.realistic_minerals.fluoritepickaxe":1,"stat.drop.minecraft.iron_sword":2,"stat.pickup.minecraft.rotten_flesh":96,"stat.craftItem.minecraft.stone_axe":1,"stat.pickup.iceandfire.witherbone":4,"stat.pickup.minecraft.leather_boots":5,"stat.craftItem.minecraft.iron_shovel":2,"stat.mineBlock.realistic_minerals.fluoriteore":6,"stat.drop.ebwizardry.spell_book":1,"stat.craftItem.iceandfire.silver_ingot":0,"stat.useItem.minecraft.iron_pickaxe":2148,"stat.craftItem.minecraft.wooden_pickaxe":1,"stat.useItem.minecraft.iron_shovel":10,"stat.pickup.realistic_minerals.fluoritepickaxe":2,"stat.drop.harvestcraft.bolognasandwichitem":12,"stat.drop.iceandfire.armor_bronze_boots":2,"stat.mineBlock.chisel.marble2":84,"stat.mineBlock.minecraft.vine":1,"stat.furnaceInteraction":91,"stat.drop.betteranimalsplus.venisonraw":2,"stat.craftItem.spartanweaponry.material":2,"stat.pickup.minecraft.nether_brick":16,"stat.entityKilledBy.WitherSkeleton":3,"stat.pickup.iceandfire.manuscript":12,"stat.pickup.minecraft.beef":18,"stat.pickup.minecraft.leather_helmet":2,"stat.pickup.realistic_minerals.morganite":1,"stat.pickup.tombstone.gift":2,"stat.pickup.minecraft.potion":7,"stat.mineBlock.minecraft.fence":2,"stat.useItem.minecraft.flint_and_steel":1,"stat.mineBlock.minecraft.sea_lantern":2,"stat.pickup.thaumcraft.crystal_essence":18,"stat.mineBlock.astralsorcery.blockmarble":345,"stat.drop.minecraft.cooked_fish":4,"stat.killEntity.Husk":1,"stat.pickup.minecraft.emerald":3,"stat.useItem.harvestcraft.bolognasandwichitem":62,"stat.deaths":71,"stat.mineBlock.minecraft.stone_pressure_plate":2,"stat.useItem.minecraft.nether_brick":9,"stat.craftItem.minecraft.iron_pickaxe":5,"stat.pickup.astralsorcery.blockmarblestairs":8,"stat.mineBlock.realistic_minerals.blacktourmalineore":4,"stat.drop.minecraft.torch":17,"stat.pickup.chisel.marble2":305,"stat.mineBlock.minecraft.tallgrass":4,"stat.chestOpened":697,"stat.killEntity.betteranimalsplus.goose":3,"stat.craftItem.minecraft.sign":3,"stat.useItem.minecraft.stone":14,"stat.pickup.minecraft.iron_sword":21,"stat.pickup.minecraft.arrow":149,"stat.pickup.realistic_minerals.fluorite":16,"stat.pickup.minecraft.gold_nugget":194,"stat.drop.minecraft.iron_pickaxe":2,"stat.useItem.hammertime.itemhammeriron":21,"stat.pickup.iceandfire.silver_nugget":3,"stat.pickup.chisel.basalt2":2,"stat.pickup.minecraft.carrot":76,"stat.crouchOneCm":45325,"stat.mineBlock.minecraft.chest":2,"stat.craftItem.minecraft.iron_ingot":133,"stat.craftingTableInteraction":150,"stat.pickup.minecraft.nether_brick_fence":1,"stat.pickup.iceandfire.silver_ore":5,"stat.pickup.iceandfire.ice_dragon_flesh":7,"stat.useItem.chisel.marble2":75,"stat.craftItem.realistic_minerals.whiteopalarmorlegs":1,"stat.pickup.minecraft.dye":19,"stat.pickup.minecraft.planks":85,"stat.pickup.chisel.limestone2":68,"stat.useItem.iceandfire.dragonbone_sword_fire":244,"stat.pickup.minecraft.wheat_seeds":35,"stat.pickup.iceandfire.cyclops_eye":3,"stat.useItem.iceandfire.dragonbone_bow":228,"stat.mineBlock.minecraft.dirt":26,"stat.pickup.inventorypets.lead_pet":1,"stat.craftItem.iceandfire.dragonbone_pickaxe":1,"stat.useItem.minecraft.bread":5,"stat.entityKilledBy.Stray":1,"stat.drop.minecraft.porkchop":13,"stat.useItem.minecraft.cobblestone":1123,"stat.pickup.minecraft.magma":6,"stat.useItem.minecraft.gravel":22,"stat.useItem.hammertime.itemhammerstone":46,"stat.killEntity.betteranimalsplus.reindeer":1,"stat.pickup.astralsorcery.blockwell":6,"stat.pickup.minecraft.iron_pickaxe":15,"stat.pickup.betteranimalsplus.wolfhead_6":3,"stat.drop.minecraft.iron_ore":3,"stat.mineBlock.thaumcraft.crystal_terra":6,"stat.mineBlock.iceandfire.frozen_cobblestone":1,"stat.pickup.minecraft.chicken":1,"stat.craftItem.chisel.chisel_iron":1,"stat.mineBlock.chisel.stonebrick2":1,"stat.pickup.minecraft.apple":6,"stat.craftItem.minecraft.bucket":2,"stat.craftItem.minecraft.planks":376,"stat.useItem.minecraft.iron_sword":521,"stat.useItem.minecraft.stonebrick":1,"stat.mineBlock.minecraft.log":165,"stat.pickup.iceandfire.dragonbone":142,"stat.craftItem.spartanweaponry.halberd_iron":1,"stat.drop.minecraft.leather_leggings":1,"stat.pickup.minecraft.iron_door":2,"stat.pickup.minecraft.red_flower":13,"stat.pickup.minecraft.wool":72,"stat.pickup.minecraft.cooked_fish":16,"stat.useItem.minecraft.wooden_axe":4,"stat.craftItem.iceandfire.armor_bronze_boots":3,"stat.pickup.astralsorcery.blockblackmarble":25,"stat.mineBlock.thaumcraft.ore_cinnabar":3,"stat.cakeSlicesEaten":2,"stat.drop.astralsorcery.blockmarble":1,"stat.useItem.minecraft.iron_axe":130,"stat.mineBlock.minecraft.cobblestone":152,"stat.pickup.minecraft.stone_pickaxe":18,"stat.pickup.minecraft.flint":6,"stat.pickup.iceandfire.ice_dragon_heart":1,"stat.craftItem.iceandfire.dragonbone_sword_fire":1,"stat.pickup.minecraft.leather_chestplate":1,"stat.drop.betteranimalsplus.eel_meat_raw":1,"stat.useItem.minecraft.snow":2,"stat.pickup.minecraft.enchanted_book":21,"stat.mineBlock.thaumcraft.ore_amber":6,"stat.drop.minecraft.cobblestone":22,"stat.pickup.minecraft.cooked_porkchop":12,"stat.useItem.minecraft.obsidian":55,"stat.pickup.betteranimalsplus.wolf_pelt_red":11,"stat.useItem.minecraft.stone_slab2":139,"stat.pickup.minecraft.bow":8,"stat.pickup.minecraft.iron_boots":12,"stat.craftItem.minecraft.furnace":9,"stat.craftItem.minecraft.iron_boots":3,"stat.mineBlock.minecraft.obsidian":102,"stat.pickup.minecraft.shears":2,"stat.pickup.minecraft.diamond_leggings":1,"stat.flyOneCm":1134438,"stat.drop.minecraft.iron_helmet":1,"stat.pickup.minecraft.nether_brick_stairs":3,"stat.pickup.spartanweaponry.caestus":1,"stat.drop.minecraft.chainmail_chestplate":1,"stat.timeSinceDeath":9164,"stat.drop.minecraft.spider_eye":1,"stat.pickup.realistic_minerals.blueopal":6,"stat.craftItem.minecraft.iron_block":3,"stat.pickup.iceandfire.frozen_cobblestone":2,"stat.mineBlock.realistic_minerals.fireopalore":1,"stat.drop.hammertime.itemhammeriron":1,"stat.mineBlock.minecraft.coal_ore":375,"stat.drop.minecraft.wool":12,"stat.pickup.minecraft.shield":12,"stat.killEntity.Creeper":1,"stat.drop.spartanweaponry.halberd_iron":1,"stat.pickup.minecraft.string":38,"stat.mineBlock.minecraft.ladder":1,"stat.pickup.tombstone.crafting_ingredient":16,"stat.entityKilledBy.Skeleton":14,"stat.sprintOneCm":822264,"stat.killEntity.betteranimalsplus.pheasant":8,"stat.mineBlock.minecraft.stone_slab":1,"stat.craftItem.minecraft.wooden_axe":1,"stat.pickup.realistic_minerals.aquamarine":14,"stat.useItem.minecraft.snowball":16,"stat.mineBlock.minecraft.diamond_ore":1,"stat.pickup.minecraft.leather_leggings":12,"stat.craftItem.iceandfire.armor_gray_helmet":1,"stat.pickup.ebwizardry.ruined_spell_book":2,"stat.useItem.minecraft.ladder":19,"stat.drop.ebwizardry.crystal_flower":1,"stat.killEntity.Zombie":73,"stat.pickup.minecraft.snowball":75,"stat.pickup.chisel.stonebrick2":1,"stat.diveOneCm":164589,"stat.pickup.minecraft.wheat":4,"stat.mineBlock.minecraft.mossy_cobblestone":1,"stat.pickup.iceandfire.dragonscales_sapphire":51,"stat.mineBlock.astralsorcery.blockmarblestairs":4,"stat.craftItem.minecraft.ladder":24,"stat.pickup.minecraft.sign":5,"stat.pickup.iceandfire.dragonscales_bronze":87,"stat.pickup.minecraft.stone_axe":3,"stat.pickup.minecraft.obsidian":102,"stat.craftItem.iceandfire.wither_shard":3,"stat.useItem.minecraft.rotten_flesh":6,"stat.jump":8028,"stat.useItem.minecraft.sand":1,"stat.pickup.minecraft.coal":899,"stat.pickup.minecraft.iron_ingot":77,"stat.pickup.minecraft.gunpowder":2,"stat.craftItem.minecraft.torch":224,"stat.pickup.minecraft.dirt":253,"stat.useItem.astralsorcery.blockblackmarble":6,"stat.craftItem.iceandfire.armor_bronze_leggings":3,"stat.pickup.iceandfire.fire_dragon_heart":4,"stat.useItem.minecraft.sapling":1,"stat.pickup.minecraft.iron_axe":9,"stat.damageTaken":30139,"stat.mineBlock.minecraft.torch":27,"stat.pickup.minecraft.written_book":4,"stat.pickup.ebwizardry.crystal_flower":19,"stat.entityKilledBy.ZombieVillager":1,"stat.pickup.minecraft.bed":1,"stat.killEntity.hippogryph":1,"stat.pickup.minecraft.potato":10,"stat.useItem.forge.bucketfilled":11,"stat.entityKilledBy.Zombie":13,"stat.pickup.minecraft.diamond_axe":1,"stat.pickup.hammertime.itemhammeriron":9,"stat.killEntity.Silverfish":8,"stat.useItem.minecraft.chest":8,"stat.killEntity.ebwizardry:ice_wraith":9,"stat.killEntity.betteranimalsplus.feralwolf":4,"stat.useItem.minecraft.lava_bucket":38,"stat.useItem.tombstone.gift":2,"stat.mineBlock.astralsorcery.blockwell":6,"stat.craftItem.minecraft.iron_chestplate":4,"stat.pickup.minecraft.baked_potato":12,"stat.killEntity.if_troll":1,"stat.entityKilledBy.icedragon":4,"stat.pickup.minecraft.ladder":31,"stat.useItem.minecraft.netherrack":1,"stat.entityKilledBy.betteranimalsplus.feralwolf":2,"stat.mobKills":337,"stat.useItem.minecraft.boat":5,"stat.useItem.minecraft.mossy_cobblestone":2,"stat.pickup.minecraft.diamond":3,"stat.pickup.minecraft.torch":172,"stat.pickup.realistic_minerals.garnetfragments":24,"stat.pickup.thaumcraft.brain":7,"stat.pickup.astralsorcery.blockmarble":718,"stat.mineBlock.astralsorcery.blockcustomsandore":9,"stat.craftItem.thaumcraft.quicksilver":0,"stat.killEntity.firedragon":4,"stat.craftItem.iceandfire.dragonbone_arrow":15,"stat.useItem.iceandfire.fire_dragon_flesh":1,"stat.mineBlock.realistic_minerals.aquamarineore":1,"stat.mineBlock.ebwizardry.crystal_flower":4,"stat.mineBlock.thaumcraft.ore_quartz":1,"stat.useItem.iceandfire.dragonbone_sword":434,"stat.craftItem.minecraft.iron_axe":1,"stat.killEntity.Blaze":11,"stat.pickup.astralsorcery.itemconstellationpaper":5,"stat.useItem.astralsorcery.blockwell":7,"stat.useItem.minecraft.mutton":6,"stat.useItem.minecraft.planks":10,"stat.useItem.tombstone.familiar_stone":1,"stat.useItem.minecraft.nether_brick_stairs":1,"stat.pickup.minecraft.golden_boots":1,"stat.craftItem.iceandfire.armor_bronze_helmet":3,"stat.pickup.realistic_minerals.whiteopal":10,"stat.pickup.minecraft.porkchop":45,"stat.craftItem.astralsorcery.itemwand":1,"stat.drop.ebwizardry.magic_crystal":1,"stat.useItem.minecraft.water_bucket":4,"stat.pickup.minecraft.sand":4,"stat.entityKilledBy.Spider":1,"stat.pickup.iceandfire.dragonegg_white":1,"stat.entityKilledBy.cyclops":2,"stat.entityKilledBy.firedragon":6,"stat.mineBlock.minecraft.sand":4,"stat.pickup.iceandfire.ash":1,"stat.pickup.betteranimalsplus.eel_meat_raw":1,"stat.hopperInspected":2,"stat.drop.astralsorcery.itemjournal":1,"stat.drop.minecraft.diamond":3,"stat.useItem.minecraft.spawn_egg":3,"stat.pickup.astralsorcery.itemjournal":5,"stat.pickup.spartanweaponry.greatsword_iron":4,"stat.trappedChestTriggered":2,"stat.drop.iceandfire.armor_bronze_leggings":2,"stat.pickup.iceandfire.dragon_skull":16,"stat.drop.iceandfire.armor_bronze_helmet":2,"stat.drop.minecraft.stone_slab":1,"stat.pickup.harvestcraft.turnipitem":1,"stat.pickup.minecraft.furnace":2,"stat.useItem.minecraft.cooked_mutton":1,"stat.drop.iceandfire.dragon_skull":1,"stat.pickup.realistic_minerals.blacktourmaline":24,"stat.pickup.minecraft.iron_chestplate":13,"stat.pickup.tombstone.magic_scroll":2,"stat.craftItem.realistic_minerals.fluoriteshovel":1,"stat.pickup.minecraft.stone_stairs":1,"stat.pickup.thaumcraft.nugget":2,"stat.drop.minecraft.snowball":2,"stat.playOneMinute":747622,"stat.pickup.minecraft.blaze_rod":7,"stat.drop.minecraft.string":2,"stat.pickup.minecraft.iron_bars":38,"stat.pickup.minecraft.netherrack":6,"stat.mineBlock.minecraft.netherrack":7,"stat.mineBlock.minecraft.ice":186,"stat.craftItem.iceandfire.dragonbone_sword":1,"stat.pickup.betteranimalsplus.venisonraw":2,"stat.pickup.thaumcraft.sapling_greatwood":2,"stat.useItem.harvestcraft.grilledcheeseitem":11,"stat.mineBlock.minecraft.gold_block":2,"stat.craftItem.minecraft.iron_nugget":0,"stat.pickup.minecraft.cooked_chicken":4,"stat.fallOneCm":207169,"stat.drop.minecraft.stone":4,"stat.craftItem.minecraft.chest":14,"stat.pickup.minecraft.golden_leggings":2,"stat.craftItem.astralsorcery.blockblackmarble":16,"stat.entityKilledBy.ebwizardry:evil_wizard":1,"stat.craftItem.iceandfire.armor_gray_leggings":1,"stat.pickup.minecraft.feather":2,"stat.drop.minecraft.bone":2,"stat.useItem.minecraft.furnace":6,"stat.pickup.minecraft.iron_leggings":9,"stat.pickup.realistic_minerals.amazonite":54,"stat.mineBlock.minecraft.gravel":32,"stat.useItem.minecraft.stone_pickaxe":1012,"stat.craftItem.minecraft.iron_leggings":2,"stat.craftItem.iceandfire.armor_gray_boots":1,"stat.pickup.iceandfire.dragon_ice_spikes":11,"stat.useItem.minecraft.iron_bars":5,"stat.mineBlock.minecraft.monster_egg":1,"stat.useItem.minecraft.torch":154,"stat.pickup.minecraft.crafting_table":12,"stat.craftItem.minecraft.crafting_table":12,"stat.craftItem.minecraft.boat":3,"stat.mineBlock.realistic_minerals.rubyore":3,"stat.mineBlock.ebwizardry.crystal_ore":9,"stat.mineBlock.minecraft.emerald_ore":2,"stat.pickup.minecraft.log":305,"stat.drop.minecraft.sign":3,"stat.craftItem.hammertime.itemhammerstone":2,"stat.pickup.minecraft.web":27,"stat.pickup.minecraft.chainmail_leggings":1,"stat.pickup.minecraft.sapling":80,"stat.entityKilledBy.Enderman":1,"stat.craftItem.astralsorcery.blockaltar":1,"stat.pickup.iceandfire.dragonscales_gray":27,"stat.mineBlock.iceandfire.goldpile":9,"stat.craftItem.minecraft.snow":3,"stat.killEntity.WitherSkeleton":16,"stat.pickup.harvestcraft.juteitem":1,"stat.mineBlock.iceandfire.dragon_ice_spikes":13,"stat.sneakTime":19581,"stat.pickup.thaumcraft.amber":18,"stat.mineBlock.realistic_minerals.alexandriteore":1,"stat.pickup.harvestcraft.tealeafitem":1,"stat.pickup.minecraft.stone_slab":4,"stat.pickup.minecraft.yellow_flower":2,"stat.pickup.minecraft.chest":3,"stat.pickup.minecraft.bone":145,"stat.pickup.minecraft.stone_pressure_plate":1,"stat.useItem.spartanweaponry.greatsword_iron":69,"stat.swimOneCm":215793,"stat.climbOneCm":36472,"stat.pickup.realistic_minerals.topaz":1,"stat.useItem.minecraft.dirt":11,"stat.killEntity.betteranimalsplus.boar":2,"stat.pickup.realistic_minerals.fluoriteshovel":3,"stat.craftItem.iceandfire.dragonbone_bow":1,"stat.pickup.inventorypets.creeper_pet":1,"stat.craftItem.minecraft.stone_pickaxe":9,"stat.mineBlock.minecraft.magma":2,"stat.pickup.minecraft.cobblestone":5819,"stat.pickup.thaumcraft.smelter_aux":39,"stat.pickup.minecraft.gold_block":2,"stat.useItem.harvestcraft.juteitem":1,"stat.mineBlock.chisel.limestone2":11,"stat.craftItem.minecraft.glass_bottle":3,"stat.drop.minecraft.wheat_seeds":1,"stat.pickup.minecraft.redstone":17,"stat.mineBlock.minecraft.iron_ore":134,"stat.useItem.minecraft.sign":1,"stat.pickup.minecraft.mutton":33,"stat.pickup.minecraft.mossy_cobblestone":31,"stat.pickup.minecraft.wooden_axe":1,"stat.useItem.realistic_minerals.fluoritepickaxe":14,"stat.pickup.minecraft.stonebrick":14,"stat.pickup.harvestcraft.bolognasandwichitem":305,"stat.drop.minecraft.dirt":1,"stat.pickup.ebwizardry.magic_crystal":75,"stat.pickup.minecraft.iron_shovel":3,"stat.useItem.minecraft.cooked_porkchop":8,"stat.mineBlock.minecraft.nether_brick":21,"stat.pickup.iceandfire.frozen_stone":20,"stat.useItem.astralsorcery.blockmarble":90,"stat.craftItem.minecraft.stone_slab2":0,"stat.pickup.betteranimalsplus.turkey_egg":1,"stat.craftItem.minecraft.stick":184,"stat.drop.minecraft.potion":1,"stat.useItem.minecraft.stone_slab":2,"stat.craftItem.minecraft.stone":9,"stat.mineBlock.minecraft.crafting_table":7,"stat.useItem.minecraft.carrot":15,"stat.pickup.iceandfire.dragonbone_sword_fire":1,"stat.craftItem.iceandfire.armor_gray_chestplate":1,"stat.pickup.minecraft.diamond_chestplate":1,"stat.entityKilledBy.Creeper":3,"stat.mineBlock.minecraft.planks":2,"stat.drop":131,"stat.killEntity.cyclops":1,"stat.killEntity.Sheep":8,"stat.craftItem.hammertime.itemhammeriron":3,"stat.pickup.inventorypets.nugget_obsidian":14,"stat.useItem.realistic_minerals.fluoriteshovel":10,"stat.pickup.minecraft.golden_chestplate":1,"stat.craftItem.spartanweaponry.greatsword_iron":1,"stat.pickup.minecraft.gravel":387,"stat.useItem.minecraft.apple":4,"stat.useItem.minecraft.porkchop":3,"stat.useItem.minecraft.potion":2,"stat.pickup.minecraft.fence":6,"stat.pickup.minecraft.iron_helmet":4,"stat.useItem.minecraft.stone_axe":31,"stat.mineBlock.iceandfire.frozen_stone":1,"stat.mineBlock.harvestcraft.shadedgarden":1,"stat.pickup.minecraft.spider_eye":23,"stat.craftItem.minecraft.iron_helmet":1,"stat.pickup.minecraft.iron_ore":252,"stat.entityKilledBy.siren":8,"stat.pickup.iceandfire.shiny_scales":54,"stat.boatOneCm":188611,"stat.mineBlock.minecraft.iron_bars":15,"stat.pickup.harvestcraft.grilledcheeseitem":29,"stat.craftItem.minecraft.flint_and_steel":1,"stat.pickup.minecraft.leaves":7,"stat.pickup.minecraft.leather":35,"stat.mineBlock.minecraft.furnace":2,"stat.useItem.minecraft.wooden_pickaxe":6,"stat.pickup.minecraft.prismarine_shard":30,"stat.drop.betteranimalsplus.pheasantraw":1,"stat.drop.iceandfire.armor_bronze_chestplate":2,"stat.pickup.iceandfire.sapphire_gem":1,"stat.useItem.iceandfire.dragonbone_pickaxe":150,"stat.pickup.minecraft.prismarine_crystals":42,"stat.pickup.minecraft.reeds":12,"stat.pickup.realistic_minerals.blackopal":2,"tombstone:undead_killed":104,"stat.useItem.tombstone.grave_key":1,"stat.useItem.minecraft.magma":2,"stat.damageDealt":49813,"stat.craftItem.minecraft.glass":0,"stat.sleepInBed":3,"stat.craftItem.minecraft.anvil":1,"stat.mineBlock.minecraft.nether_brick_stairs":3,"stat.killEntity.Cow":4,"stat.useItem.minecraft.crafting_table":2,"stat.killEntity.Pig":16,"stat.craftItem.minecraft.iron_sword":5,"stat.pickup.minecraft.boat":6,"stat.walkOneCm":1468481,"stat.mineBlock.realistic_minerals.amazoniteore":12,"stat.pickup.minecraft.stick":21,"stat.pickup.hammertime.itemhammerstone":9,"stat.mineBlock.realistic_minerals.topazore":1,"stat.pickup.minecraft.stone":280,"stat.pickup.betteranimalsplus.pheasantraw":15,"stat.pickup.harvestcraft.zucchiniitem":1,"stat.mineBlock.minecraft.packed_ice":561,"stat.pickup.minecraft.gold_ingot":11,"stat.killEntity.Skeleton":45,"stat.pickup.thaumcraft.ore_cinnabar":3,"stat.killEntity.Spider":38,"stat.pickup.minecraft.bread":10,"stat.mineBlock.minecraft.quartz_ore":16,"stat.pickup.astralsorcery.itemcraftingcomponent":39,"stat.pickup.minecraft.quartz":19,"stat.useItem.minecraft.golden_apple":3,"stat.mineBlock.minecraft.leaves":25,"stat.pickup.minecraft.lava_bucket":1,"stat.craftItem.minecraft.brick":0,"stat.mineBlock.minecraft.stone":1172,"stat.pickup.astralsorcery.itemwand":1}