{"stat.useItem.minecraft.bow":2,"stat.mineBlock.realistic_minerals.aquamarineore":1,"stat.leaveGame":16,"stat.mineBlock.ebwizardry.crystal_flower":4,"stat.mineBlock.thaumcraft.ore_quartz":1,"stat.craftItem.minecraft.iron_axe":1,"stat.pickup.ebwizardry.spell_book":4,"stat.pickup.astralsorcery.itemconstellationpaper":3,"stat.useItem.minecraft.mutton":6,"stat.craftItem.minecraft.shield":1,"stat.useItem.minecraft.planks":10,"stat.pickup.minecraft.porkchop":42,"stat.drop.ebwizardry.magic_crystal":1,"stat.craftItem.realistic_minerals.fluoritepickaxe":1,"stat.drop.minecraft.iron_sword":1,"stat.pickup.minecraft.rotten_flesh":26,"stat.craftItem.minecraft.stone_axe":1,"stat.entityKilledBy.cyclops":2,"stat.pickup.minecraft.leather_boots":5,"stat.pickup.betteranimalsplus.eel_meat_raw":1,"stat.hopperInspected":2,"stat.drop.minecraft.diamond":3,"stat.useItem.minecraft.iron_pickaxe":866,"stat.craftItem.minecraft.wooden_pickaxe":1,"stat.pickup.realistic_minerals.fluoritepickaxe":2,"stat.pickup.astralsorcery.itemjournal":1,"stat.pickup.spartanweaponry.greatsword_iron":2,"stat.mineBlock.chisel.marble2":54,"stat.furnaceInteraction":27,"stat.drop.betteranimalsplus.venisonraw":2,"stat.craftItem.spartanweaponry.material":2,"stat.pickup.iceandfire.manuscript":12,"stat.pickup.minecraft.beef":9,"stat.pickup.minecraft.furnace":2,"stat.useItem.minecraft.cooked_mutton":1,"stat.pickup.realistic_minerals.blacktourmaline":20,"stat.pickup.minecraft.iron_chestplate":4,"stat.craftItem.realistic_minerals.fluoriteshovel":1,"stat.pickup.minecraft.potion":7,"stat.mineBlock.minecraft.fence":2,"stat.mineBlock.minecraft.sea_lantern":1,"stat.mineBlock.astralsorcery.blockmarble":30,"stat.drop.minecraft.cooked_fish":4,"stat.drop.minecraft.snowball":2,"stat.useItem.harvestcraft.bolognasandwichitem":10,"stat.deaths":39,"stat.playOneMinute":315283,"stat.craftItem.minecraft.iron_pickaxe":2,"stat.pickup.minecraft.iron_bars":26,"stat.pickup.chisel.marble2":275,"stat.mineBlock.minecraft.tallgrass":4,"stat.chestOpened":137,"stat.killEntity.betteranimalsplus.goose":3,"stat.craftItem.minecraft.sign":3,"stat.useItem.minecraft.stone":9,"stat.pickup.minecraft.iron_sword":16,"stat.pickup.minecraft.arrow":81,"stat.mineBlock.minecraft.ice":76,"stat.pickup.realistic_minerals.fluorite":10,"stat.pickup.betteranimalsplus.venisonraw":2,"stat.pickup.minecraft.gold_nugget":194,"stat.pickup.thaumcraft.sapling_greatwood":1,"stat.drop.minecraft.iron_pickaxe":2,"stat.useItem.hammertime.itemhammeriron":4,"stat.useItem.harvestcraft.grilledcheeseitem":6,"stat.craftItem.minecraft.iron_nugget":0,"stat.pickup.minecraft.cooked_chicken":4,"stat.fallOneCm":87790,"stat.pickup.minecraft.carrot":76,"stat.crouchOneCm":18073,"stat.craftItem.minecraft.iron_ingot":40,"stat.craftItem.minecraft.chest":5,"stat.craftingTableInteraction":68,"stat.pickup.minecraft.planks":57,"stat.pickup.minecraft.iron_leggings":2,"stat.pickup.chisel.limestone2":50,"stat.pickup.minecraft.wheat_seeds":33,"stat.mineBlock.minecraft.gravel":2,"stat.useItem.minecraft.stone_pickaxe":962,"stat.pickup.iceandfire.cyclops_eye":3,"stat.craftItem.minecraft.iron_leggings":1,"stat.mineBlock.minecraft.dirt":23,"stat.useItem.minecraft.torch":69,"stat.useItem.minecraft.bread":5,"stat.entityKilledBy.Stray":1,"stat.drop.minecraft.porkchop":13,"stat.pickup.minecraft.crafting_table":6,"stat.useItem.minecraft.cobblestone":467,"stat.craftItem.minecraft.crafting_table":7,"stat.useItem.minecraft.gravel":2,"stat.craftItem.minecraft.boat":3,"stat.useItem.hammertime.itemhammerstone":46,"stat.pickup.minecraft.log":270,"stat.killEntity.betteranimalsplus.reindeer":1,"stat.drop.minecraft.sign":3,"stat.pickup.minecraft.iron_pickaxe":11,"stat.pickup.betteranimalsplus.wolfhead_6":2,"stat.drop.minecraft.iron_ore":3,"stat.craftItem.hammertime.itemhammerstone":2,"stat.pickup.minecraft.web":24,"stat.pickup.minecraft.sapling":75,"stat.entityKilledBy.Enderman":1,"stat.pickup.minecraft.apple":6,"stat.mineBlock.iceandfire.goldpile":9,"stat.craftItem.minecraft.planks":232,"stat.useItem.minecraft.iron_sword":262,"stat.mineBlock.minecraft.log":133,"stat.craftItem.spartanweaponry.halberd_iron":1,"stat.drop.minecraft.leather_leggings":1,"stat.pickup.harvestcraft.juteitem":1,"stat.pickup.minecraft.red_flower":13,"stat.sneakTime":7138,"stat.pickup.thaumcraft.amber":4,"stat.pickup.minecraft.wool":68,"stat.pickup.minecraft.cooked_fish":16,"stat.useItem.minecraft.wooden_axe":4,"stat.pickup.minecraft.yellow_flower":2,"stat.cakeSlicesEaten":2,"stat.pickup.minecraft.bone":82,"stat.useItem.minecraft.iron_axe":130,"stat.mineBlock.minecraft.cobblestone":73,"stat.pickup.minecraft.stone_pickaxe":16,"stat.pickup.minecraft.flint":1,"stat.useItem.spartanweaponry.greatsword_iron":24,"stat.swimOneCm":78895,"stat.drop.betteranimalsplus.eel_meat_raw":1,"stat.climbOneCm":1147,"stat.pickup.minecraft.enchanted_book":21,"stat.mineBlock.thaumcraft.ore_amber":3,"stat.drop.minecraft.cobblestone":17,"stat.useItem.minecraft.dirt":11,"stat.killEntity.betteranimalsplus.boar":2,"stat.pickup.betteranimalsplus.wolf_pelt_red":6,"stat.useItem.minecraft.stone_slab2":45,"stat.pickup.minecraft.bow":7,"stat.pickup.minecraft.iron_boots":3,"stat.craftItem.minecraft.furnace":2,"stat.pickup.realistic_minerals.fluoriteshovel":3,"stat.craftItem.minecraft.iron_boots":1,"stat.craftItem.minecraft.stone_pickaxe":9,"stat.pickup.minecraft.shears":2,"stat.pickup.minecraft.cobblestone":4587,"stat.useItem.harvestcraft.juteitem":1,"stat.mineBlock.chisel.limestone2":4,"stat.flyOneCm":413568,"stat.pickup.minecraft.redstone":3,"stat.mineBlock.minecraft.iron_ore":54,"stat.timeSinceDeath":19575,"stat.useItem.minecraft.sign":1,"stat.pickup.minecraft.mutton":33,"stat.pickup.minecraft.mossy_cobblestone":15,"stat.pickup.minecraft.wooden_axe":1,"stat.useItem.realistic_minerals.fluoritepickaxe":14,"stat.pickup.harvestcraft.bolognasandwichitem":305,"stat.pickup.ebwizardry.magic_crystal":27,"stat.drop.hammertime.itemhammeriron":1,"stat.mineBlock.minecraft.coal_ore":337,"stat.drop.minecraft.wool":12,"stat.pickup.minecraft.shield":7,"stat.pickup.iceandfire.frozen_stone":18,"stat.drop.spartanweaponry.halberd_iron":1,"stat.pickup.minecraft.string":6,"stat.useItem.astralsorcery.blockmarble":4,"stat.entityKilledBy.Skeleton":10,"stat.craftItem.minecraft.stone_slab2":0,"stat.sprintOneCm":369232,"stat.killEntity.betteranimalsplus.pheasant":8,"stat.pickup.betteranimalsplus.turkey_egg":1,"stat.craftItem.minecraft.wooden_axe":1,"stat.craftItem.minecraft.stick":100,"stat.drop.minecraft.potion":1,"stat.pickup.realistic_minerals.aquamarine":11,"stat.craftItem.minecraft.stone":9,"stat.useItem.minecraft.snowball":1,"stat.mineBlock.minecraft.crafting_table":3,"stat.useItem.minecraft.carrot":15,"stat.pickup.minecraft.leather_leggings":11,"stat.entityKilledBy.Creeper":3,"stat.mineBlock.minecraft.planks":2,"stat.drop":70,"stat.killEntity.cyclops":1,"stat.killEntity.Sheep":8,"stat.craftItem.hammertime.itemhammeriron":2,"stat.useItem.minecraft.ladder":8,"stat.useItem.realistic_minerals.fluoriteshovel":10,"stat.drop.ebwizardry.crystal_flower":1,"stat.craftItem.spartanweaponry.greatsword_iron":1,"stat.killEntity.Zombie":11,"stat.pickup.minecraft.snowball":45,"stat.diveOneCm":91473,"stat.pickup.minecraft.wheat":3,"stat.craftItem.minecraft.ladder":9,"stat.pickup.minecraft.sign":5,"stat.pickup.minecraft.gravel":352,"stat.pickup.minecraft.stone_axe":2,"stat.useItem.minecraft.apple":4,"stat.useItem.minecraft.porkchop":3,"stat.useItem.minecraft.potion":1,"stat.useItem.minecraft.rotten_flesh":2,"stat.jump":3229,"stat.pickup.minecraft.fence":6,"stat.pickup.minecraft.coal":664,"stat.pickup.minecraft.iron_helmet":2,"stat.pickup.minecraft.iron_ingot":16,"stat.useItem.minecraft.stone_axe":31,"stat.mineBlock.harvestcraft.shadedgarden":1,"stat.pickup.minecraft.spider_eye":10,"stat.craftItem.minecraft.torch":120,"stat.pickup.minecraft.dirt":249,"stat.craftItem.minecraft.iron_helmet":1,"stat.pickup.minecraft.iron_ore":129,"stat.entityKilledBy.siren":8,"stat.pickup.iceandfire.shiny_scales":54,"stat.boatOneCm":188611,"stat.mineBlock.minecraft.iron_bars":8,"stat.useItem.minecraft.sapling":1,"stat.pickup.harvestcraft.grilledcheeseitem":21,"stat.pickup.minecraft.iron_axe":8,"stat.damageTaken":13854,"stat.pickup.minecraft.leather":31,"stat.mineBlock.minecraft.furnace":2,"stat.mineBlock.minecraft.torch":8,"stat.pickup.minecraft.written_book":4,"stat.useItem.minecraft.wooden_pickaxe":6,"stat.pickup.minecraft.prismarine_shard":30,"stat.drop.betteranimalsplus.pheasantraw":1,"stat.pickup.ebwizardry.crystal_flower":19,"stat.pickup.minecraft.prismarine_crystals":42,"stat.entityKilledBy.ZombieVillager":1,"stat.pickup.minecraft.bed":1,"stat.killEntity.hippogryph":1,"stat.pickup.minecraft.potato":10,"stat.entityKilledBy.Zombie":1,"stat.damageDealt":11975,"stat.sleepInBed":3,"stat.pickup.hammertime.itemhammeriron":4,"stat.killEntity.Cow":4,"stat.killEntity.Pig":16,"stat.craftItem.minecraft.iron_sword":3,"stat.pickup.minecraft.boat":6,"stat.walkOneCm":540053,"stat.useItem.minecraft.chest":1,"stat.pickup.minecraft.stick":19,"stat.killEntity.betteranimalsplus.feralwolf":4,"stat.pickup.hammertime.itemhammerstone":9,"stat.pickup.minecraft.stone":179,"stat.craftItem.minecraft.iron_chestplate":2,"stat.pickup.minecraft.baked_potato":12,"stat.pickup.betteranimalsplus.pheasantraw":15,"stat.entityKilledBy.icedragon":4,"stat.mineBlock.minecraft.packed_ice":296,"stat.pickup.minecraft.ladder":22,"stat.pickup.minecraft.gold_ingot":1,"stat.killEntity.Skeleton":12,"stat.entityKilledBy.betteranimalsplus.feralwolf":2,"stat.killEntity.Spider":1,"stat.pickup.minecraft.bread":10,"stat.pickup.astralsorcery.itemcraftingcomponent":14,"stat.mobKills":74,"stat.pickup.minecraft.quartz":1,"stat.useItem.minecraft.boat":5,"stat.useItem.minecraft.mossy_cobblestone":2,"stat.mineBlock.minecraft.leaves":23,"stat.pickup.minecraft.torch":122,"stat.pickup.realistic_minerals.garnetfragments":20,"stat.pickup.astralsorcery.blockmarble":145,"stat.craftItem.minecraft.brick":0,"stat.mineBlock.minecraft.stone":891}