{"stat.useItem.minecraft.bow":7,"stat.craftItem.iceandfire.armor_bronze_chestplate":3,"stat.pickup.iceandfire.fire_dragon_flesh":113,"stat.pickup.tombstone.familiar_stone":7,"stat.pickup.ebwizardry.spell_book":9,"stat.craftItem.iceandfire.dragonforge_fire_brick":34,"stat.mineBlock.minecraft.stained_glass":2,"stat.mineBlock.minecraft.web":15,"stat.pickup.realistic_minerals.ruby":60,"stat.craftItem.realistic_minerals.fluoritepickaxe":1,"stat.drop.minecraft.iron_sword":2,"stat.pickup.minecraft.rotten_flesh":153,"stat.pickup.iceandfire.armor_bronze_chestplate":2,"stat.mineBlock.realistic_minerals.blackopalore":6,"stat.craftItem.minecraft.stone_axe":1,"stat.craftItem.iceandfire.dragonsteel_fire_chestplate":1,"stat.pickup.minecraft.bucket":1,"stat.killEntity.Enderman":6,"stat.useItem.minecraft.anvil":1,"stat.craftItem.minecraft.iron_shovel":2,"stat.pickup.minecraft.brown_mushroom":3,"stat.mineBlock.realistic_minerals.fluoriteore":21,"stat.drop.ebwizardry.spell_book":1,"stat.craftItem.iceandfire.dragonsteel_fire_pickaxe":2,"stat.useItem.minecraft.iron_pickaxe":2233,"stat.pickup.realistic_minerals.fluoritepickaxe":2,"stat.pickup.minecraft.double_plant":2,"stat.drop.harvestcraft.bolognasandwichitem":12,"stat.drop.iceandfire.armor_bronze_boots":2,"stat.mineBlock.chisel.marble2":89,"stat.pickup.iceandfire.armor_bronze_leggings":2,"stat.furnaceInteraction":165,"stat.drop.betteranimalsplus.venisonraw":2,"stat.craftItem.iceandfire.dragonscale_red":18,"stat.craftItem.spartanweaponry.material":2,"stat.pickup.minecraft.nether_brick":35,"stat.entityKilledBy.WitherSkeleton":4,"stat.craftItem.realistic_minerals.blockofblueopal":3,"stat.drop.minecraft.cactus":1,"stat.pickup.tombstone.gift":2,"stat.mineBlock.minecraft.fence":2,"stat.useItem.minecraft.flint_and_steel":5,"stat.mineBlock.minecraft.sea_lantern":2,"stat.pickup.thaumcraft.crystal_essence":38,"stat.mineBlock.astralsorcery.blockmarble":352,"stat.drop.minecraft.cooked_fish":4,"stat.killEntity.Husk":8,"stat.useItem.iceandfire.chared_dirt":3,"stat.killEntity.betteranimalsplus.zotzpyre":4,"stat.pickup.minecraft.emerald":13,"stat.useItem.iceandfire.dragon_skull":4,"stat.useItem.harvestcraft.bolognasandwichitem":62,"stat.deaths":96,"stat.craftItem.minecraft.iron_pickaxe":6,"stat.pickup.minecraft.cooked_mutton":2,"stat.chestOpened":1586,"stat.pickup.betteranimalsplus.wolf_pelt_brown":2,"stat.craftItem.minecraft.sign":3,"stat.pickup.minecraft.iron_sword":23,"stat.craftItem.iceandfire.armor_red_leggings":1,"stat.pickup.minecraft.gold_nugget":204,"stat.craftItem.realistic_minerals.blockofruby":3,"stat.pickup.iceandfire.silver_nugget":4,"stat.pickup.inventorypets.jukebox_pet":1,"stat.pickup.minecraft.carrot":77,"stat.crouchOneCm":215785,"stat.craftItem.minecraft.iron_ingot":133,"stat.craftingTableInteraction":223,"stat.pickup.iceandfire.ice_dragon_flesh":15,"stat.mineBlock.thaumcraft.leaves_greatwood":7,"stat.pickup.ebwizardry.identification_scroll":1,"stat.pickup.minecraft.dye":38,"stat.pickup.minecraft.planks":127,"stat.pickup.chisel.limestone2":115,"stat.useItem.iceandfire.dragonbone_sword_fire":871,"stat.pickup.iceandfire.cyclops_eye":3,"stat.craftItem.iceandfire.dragonbone_pickaxe":1,"stat.entityKilledBy.Stray":1,"stat.pickup.betteranimalsplus.boarhead_1":1,"stat.pickup.betteranimalsplus.boarhead_3":4,"stat.pickup.minecraft.magma":7,"stat.pickup.iceandfire.weezer_blue_album":1,"stat.pickup.inventorypets.mooshroom_pet":1,"stat.pickup.inventorypets.ghast_pet":1,"stat.killEntity.betteranimalsplus.reindeer":1,"stat.pickup.astralsorcery.blockwell":7,"stat.drop.minecraft.iron_ore":5,"stat.mineBlock.thaumcraft.crystal_terra":6,"stat.mineBlock.ebwizardry.spruce_bookshelf":13,"stat.drop.minecraft.sapling":5,"stat.pickup.minecraft.chicken":4,"stat.craftItem.realistic_minerals.amazoniteblock":5,"stat.craftItem.minecraft.bucket":2,"stat.craftItem.iceandfire.armor_sapphire_chestplate":1,"stat.craftItem.minecraft.planks":556,"stat.useItem.minecraft.iron_sword":521,"stat.useItem.minecraft.stonebrick":625,"stat.pickup.minecraft.book":2,"stat.drop.minecraft.leather_leggings":1,"stat.pickup.minecraft.iron_door":2,"stat.killEntity.siren":3,"stat.pickup.minecraft.cooked_fish":16,"stat.craftItem.iceandfire.armor_bronze_boots":3,"stat.pickup.thaumcraft.log_greatwood":442,"stat.craftItem.minecraft.spruce_door":6,"stat.drop.astralsorcery.blockmarble":2,"stat.drop.iceandfire.dragonbone_pickaxe":1,"stat.mineBlock.minecraft.cobblestone":174,"stat.pickup.minecraft.stone_pickaxe":19,"stat.pickup.minecraft.flint":8,"stat.pickup.iceandfire.ice_dragon_heart":4,"stat.craftItem.iceandfire.dragonbone_sword_fire":1,"stat.pickup.minecraft.leather_chestplate":1,"stat.mineBlock.minecraft.stained_glass_pane":3,"stat.drop.minecraft.cobblestone":25,"stat.pickup.minecraft.cooked_porkchop":26,"stat.pickup.betteranimalsplus.wolf_pelt_red":11,"stat.useItem.minecraft.stone_slab2":339,"stat.pickup.forge.bucketfilled":1,"stat.pickup.minecraft.iron_boots":13,"stat.craftItem.iceandfire.dragonsteel_fire_axe":1,"stat.craftItem.minecraft.furnace":9,"stat.craftItem.minecraft.iron_boots":3,"stat.pickup.minecraft.diamond_leggings":2,"stat.useItem.minecraft.brick_block":2,"stat.drop.minecraft.iron_helmet":1,"stat.useItem.iceandfire.chared_stone":13,"stat.pickup.spartanweaponry.caestus":1,"stat.pickup.iceandfire.fire_lily":2,"stat.drop.minecraft.chainmail_chestplate":1,"stat.drop.minecraft.spider_eye":1,"stat.craftItem.minecraft.iron_block":37,"stat.craftItem.minecraft.stonebrick":736,"stat.killEntity.ebwizardry:lightning_wraith":1,"stat.drop.minecraft.wool":12,"stat.killEntity.Creeper":19,"stat.useItem.minecraft.armor_stand":4,"stat.pickup.tombstone.crafting_ingredient":46,"stat.entityKilledBy.Skeleton":14,"stat.sprintOneCm":1844403,"stat.killEntity.betteranimalsplus.pheasant":8,"stat.mineBlock.minecraft.stone_slab":1,"stat.useItem.tombstone.magic_scroll":4,"stat.pickup.realistic_minerals.aquamarine":90,"stat.useItem.minecraft.snowball":435,"stat.drop.harvestcraft.garlicitem":4,"stat.pickup.minecraft.leather_leggings":12,"stat.craftItem.iceandfire.armor_gray_helmet":2,"stat.pickup.harvestcraft.cassavaitem":1,"stat.pickup.ebwizardry.ruined_spell_book":5,"stat.pickup.tombstone.grave_key":1,"stat.killEntity.Zombie":127,"stat.mineBlock.minecraft.gold_ore":43,"stat.pickup.minecraft.wheat":5,"stat.entityKilledBy.deathworm":1,"stat.mineBlock.minecraft.mossy_cobblestone":3,"stat.entityKilledBy.seaserpent":2,"stat.mineBlock.astralsorcery.blockmarblestairs":4,"stat.pickup.minecraft.sign":5,"stat.pickup.iceandfire.dragonscales_bronze":203,"stat.craftItem.realistic_minerals.blockofalexandrite":3,"stat.craftItem.iceandfire.armor_green_helmet":1,"stat.pickup.iceandfire.dragonbone_arrow":15,"stat.pickup.minecraft.obsidian":148,"stat.pickup.minecraft.coal":1631,"stat.pickup.minecraft.iron_ingot":679,"stat.pickup.minecraft.gunpowder":26,"stat.pickup.iceandfire.chared_stone":183,"stat.pickup.minecraft.dirt":259,"stat.craftItem.malisisdoors.big_door_spruce_3x3":1,"stat.useItem.astralsorcery.blockblackmarble":6,"stat.pickup.iceandfire.fire_dragon_heart":25,"stat.craftItem.iceandfire.dragonforge_fire_input":1,"stat.mineBlock.minecraft.lapis_ore":4,"stat.pickup.minecraft.iron_axe":9,"tombstone:sneak_grave":1,"stat.craftItem.iceandfire.armor_green_leggings":1,"stat.mineBlock.minecraft.torch":48,"stat.pickup.minecraft.written_book":4,"stat.pickup.minecraft.diamond_axe":1,"stat.useItem.minecraft.lava_bucket":39,"stat.useItem.minecraft.gold_ore":13,"stat.useItem.iceandfire.dragonsteel_fire_pickaxe":1598,"stat.useItem.tombstone.gift":2,"stat.useItem.iceandfire.dragonsteel_fire_shovel":23,"stat.killEntity.Stray":3,"stat.entityKilledBy.betteranimalsplus.feralwolf":2,"stat.mobKills":642,"stat.pickup.minecraft.diamond_boots":1,"stat.useItem.iceandfire.ice_dragon_flesh":4,"stat.useItem.minecraft.boat":10,"stat.useItem.minecraft.mossy_cobblestone":2,"stat.pickup.minecraft.diamond":85,"stat.pickup.realistic_minerals.garnetfragments":49,"stat.pickup.thaumcraft.brain":18,"stat.pickup.astralsorcery.blockmarble":870,"stat.craftItem.thaumcraft.quicksilver":0,"stat.pickup.realistic_minerals.smokyquartz":20,"stat.drop.minecraft.mutton":4,"stat.craftItem.iceandfire.dragonbone_arrow":15,"stat.mineBlock.ebwizardry.crystal_flower":4,"stat.mineBlock.thaumcraft.ore_quartz":2,"stat.useItem.minecraft.soul_sand":6,"stat.killEntity.Blaze":21,"stat.pickup.minecraft.golden_boots":1,"stat.pickup.minecraft.glowstone_dust":1,"stat.drop.inventorypets.crafting_table_pet":1,"stat.pickup.ebwizardry.gilded_wood":4,"stat.mineBlock.minecraft.nether_brick_fence":2,"stat.craftItem.iceandfire.dragonforge_fire_core_disabled":1,"stat.pickup.iceandfire.dragonegg_white":1,"stat.killEntity.icedragon":1,"stat.craftItem.realistic_minerals.blockoftopaz":2,"stat.mineBlock.minecraft.snow_layer":80,"stat.pickup.inventorypets.sheep_pet":1,"stat.mineBlock.minecraft.sand":7,"stat.craftItem.iceandfire.dragon_stick":1,"stat.mineBlock.realistic_minerals.morganiteore":16,"stat.hopperInspected":2,"stat.craftItem.iceandfire.dragonbone_sword_ice":1,"stat.drop.minecraft.diamond":3,"stat.craftItem.realistic_minerals.blockofblacktourmaline":2,"stat.pickup.astralsorcery.itemjournal":7,"stat.pickup.minecraft.armor_stand":2,"stat.pickup.spartanweaponry.greatsword_iron":4,"stat.trappedChestTriggered":7,"stat.drop.iceandfire.armor_bronze_leggings":2,"stat.useItem.minecraft.cooked_mutton":1,"stat.mineBlock.thaumcraft.cinderpearl":16,"stat.drop.harvestcraft.zucchiniitem":1,"stat.craftItem.realistic_minerals.fluoriteshovel":1,"stat.pickup.minecraft.stone_stairs":2,"stat.pickup.thaumcraft.nugget":12,"stat.pickup.iceandfire.dragon_horn_fire":3,"stat.drop.minecraft.snowball":2,"stat.mineBlock.minecraft.soul_sand":20,"stat.pickup.minecraft.blaze_rod":17,"stat.craftItem.minecraft.diamond_block":7,"stat.pickup.realistic_minerals.aventurine":24,"stat.pickup.minecraft.netherrack":287,"stat.craftItem.iceandfire.armor_red_helmet":1,"stat.mineBlock.minecraft.ice":266,"stat.pickup.thaumcraft.sapling_greatwood":2,"stat.pickup.minecraft.brick_stairs":3,"stat.useItem.harvestcraft.grilledcheeseitem":11,"stat.mineBlock.minecraft.gold_block":3,"stat.mineBlock.iceandfire.fire_lily":2,"stat.drop.minecraft.stone":4,"stat.mineBlock.ebwizardry.gilded_wood":2,"stat.pickup.minecraft.golden_leggings":3,"stat.craftItem.iceandfire.armor_sapphire_helmet":1,"stat.drop.minecraft.bone":2,"stat.useItem.minecraft.furnace":12,"stat.pickup.realistic_minerals.rosequartz":28,"stat.pickup.minecraft.iron_leggings":9,"stat.mineBlock.minecraft.snow":184,"stat.pickup.realistic_minerals.amazonite":227,"stat.mineBlock.minecraft.gravel":36,"stat.pickup.iceandfire.dragon_ice_spikes":64,"stat.pickup.minecraft.flint_and_steel":2,"stat.useItem.minecraft.torch":269,"stat.pickup.minecraft.iron_nugget":8,"stat.craftItem.minecraft.redstone_block":11,"stat.pickup.minecraft.crafting_table":16,"stat.useItem.ebwizardry.spruce_bookshelf":10,"stat.useItem.minecraft.log":1,"stat.craftItem.minecraft.crafting_table":15,"stat.craftItem.minecraft.boat":7,"stat.mineBlock.realistic_minerals.rubyore":29,"stat.mineBlock.ebwizardry.crystal_ore":42,"stat.mineBlock.minecraft.emerald_ore":2,"stat.drop.minecraft.sign":3,"stat.killEntity.betteranimalsplus.coyote":4,"stat.mineBlock.realistic_minerals.blueopalore":20,"stat.pickup.minecraft.web":37,"stat.pickup.minecraft.sapling":91,"stat.craftItem.astralsorcery.blockaltar":1,"stat.craftItem.iceandfire.dragonscale_bronze":12,"stat.mineBlock.iceandfire.goldpile":9,"stat.killEntity.WitherSkeleton":33,"tombstone:kill_undead_boss":1,"stat.pickup.harvestcraft.juteitem":1,"stat.pickup.harvestcraft.tealeafitem":2,"stat.pickup.minecraft.stone_slab":24,"stat.pickup.minecraft.yellow_flower":2,"stat.pickup.minecraft.bone":298,"stat.pickup.iceandfire.armor_bronze_helmet":2,"stat.useItem.spartanweaponry.greatsword_iron":69,"stat.climbOneCm":89787,"stat.craftItem.minecraft.gold_block":4,"stat.drop.iceandfire.creative_dragon_meal":1,"stat.pickup.realistic_minerals.fluoriteshovel":3,"stat.craftItem.iceandfire.dragonbone_bow":2,"stat.pickup.inventorypets.creeper_pet":2,"stat.pickup.minecraft.anvil":2,"stat.useItem.minecraft.iron_ore":1,"stat.craftItem.minecraft.trapdoor":4,"stat.craftItem.minecraft.stone_pickaxe":9,"stat.pickup.minecraft.cobblestone":10509,"stat.useItem.harvestcraft.juteitem":1,"stat.craftItem.minecraft.glass_bottle":3,"stat.pickup.minecraft.soul_sand":30,"stat.pickup.minecraft.cactus":2,"stat.pickup.minecraft.redstone":211,"stat.mineBlock.minecraft.iron_ore":321,"stat.useItem.thaumcraft.plank_greatwood":298,"stat.pickup.minecraft.mossy_cobblestone":41,"stat.pickup.inventorypets.house_pet":1,"stat.useItem.realistic_minerals.fluoritepickaxe":14,"stat.drop.minecraft.dirt":1,"stat.pickup.minecraft.iron_shovel":3,"stat.useItem.minecraft.cooked_porkchop":14,"stat.mineBlock.thaumcraft.plank_greatwood":12,"stat.pickup.minecraft.trapdoor":2,"stat.pickup.minecraft.diamond_shovel":1,"stat.pickup.iceandfire.frozen_stone":64,"stat.pickup.minecraft.nether_star":1,"stat.useItem.iceandfire.dragonsteel_fire_axe":13,"stat.pickup.betteranimalsplus.turkey_egg":1,"stat.craftItem.minecraft.stick":312,"stat.pickup.iceandfire.dragonsteel_fire_sword":1,"stat.craftItem.minecraft.gold_nugget":27,"stat.craftItem.eyeofdragons.eye_of_icedragon":2,"stat.pickup.iceandfire.dragonbone_sword_fire":1,"stat.craftItem.iceandfire.armor_gray_chestplate":1,"stat.pickup.minecraft.diamond_chestplate":2,"stat.entityKilledBy.Creeper":3,"stat.mineBlock.minecraft.planks":2,"stat.drop":211,"stat.killEntity.cyclops":1,"stat.killEntity.Sheep":8,"stat.useItem.realistic_minerals.fluoriteshovel":10,"stat.pickup.minecraft.golden_chestplate":1,"stat.pickup.inventorypets.squid_pet":1,"stat.mineBlock.minecraft.anvil":2,"stat.useItem.minecraft.apple":4,"stat.useItem.minecraft.porkchop":7,"stat.drop.iceandfire.dragonegg_green":1,"stat.useItem.minecraft.potion":3,"stat.craftItem.iceandfire.dragonsteel_fire_shovel":1,"stat.pickup.minecraft.fence":9,"stat.useItem.minecraft.stone_axe":31,"stat.mineBlock.iceandfire.frozen_stone":24,"stat.mineBlock.harvestcraft.shadedgarden":1,"stat.craftItem.inventorypets.loot_pet":1,"stat.craftItem.minecraft.iron_helmet":1,"stat.pickup.thaumcraft.cinderpearl":16,"stat.drop.iceandfire.chared_stone":11,"stat.boatOneCm":408177,"stat.craftItem.minecraft.flint_and_steel":2,"stat.mineBlock.minecraft.stone_stairs":3,"stat.mineBlock.minecraft.furnace":10,"stat.pickup.minecraft.prismarine_shard":30,"stat.pickup.realistic_minerals.blackopal":18,"stat.killEntity.CaveSpider":5,"stat.useItem.tombstone.grave_key":2,"stat.damageDealt":97877,"stat.craftItem.minecraft.anvil":1,"stat.mineBlock.minecraft.nether_brick_stairs":4,"stat.useItem.minecraft.crafting_table":2,"stat.pickup.minecraft.boat":9,"stat.pickup.minecraft.stick":38,"stat.pickup.realistic_minerals.amethyst":32,"stat.mineBlock.realistic_minerals.topazore":29,"stat.pickup.betteranimalsplus.pheasantraw":15,"stat.pickup.harvestcraft.zucchiniitem":2,"stat.pickup.thaumcraft.ore_cinnabar":5,"stat.killEntity.Chicken":2,"stat.mineBlock.minecraft.quartz_ore":69,"stat.useItem.thaumcraft.log_greatwood":13,"stat.useItem.minecraft.golden_apple":3,"stat.mineBlock.minecraft.leaves":33,"stat.mineBlock.realistic_minerals.garnetore":3,"stat.pickup.astralsorcery.itemwand":3,"stat.craftItem.iceandfire.armor_sapphire_leggings":1,"stat.pickup.iceandfire.ice_dragon_blood":2,"stat.leaveGame":42,"stat.craftItem.minecraft.ender_eye":2,"stat.craftItem.minecraft.shield":2,"stat.mineBlock.astralsorcery.blockcustomflower":1,"stat.pickup.minecraft.brick_block":9,"stat.pickup.bloodmagic.ritual_controller":1,"stat.pickup.iceandfire.witherbone":8,"stat.pickup.iceandfire.chared_cobblestone":17,"stat.pickup.minecraft.leather_boots":6,"stat.drop.minecraft.sand":14,"stat.pickup.chisel.chisel_iron":1,"stat.craftItem.iceandfire.silver_ingot":0,"stat.pickup.iceandfire.silver_ingot":30,"stat.craftItem.minecraft.wooden_pickaxe":1,"stat.mineBlock.realistic_minerals.aventurineore":12,"stat.useItem.minecraft.iron_shovel":253,"stat.mineBlock.minecraft.brick_block":2,"stat.craftItem.minecraft.bed":1,"stat.mineBlock.minecraft.vine":5,"stat.pickup.biomesoplenty.eucalyptus_stairs":1,"stat.drop.minecraft.gravel":2,"stat.pickup.harvestcraft.cherryitem":2,"stat.killEntity.ZombieVillager":2,"stat.pickup.iceandfire.manuscript":19,"stat.pickup.minecraft.beef":18,"stat.craftItem.iceandfire.dragonsteel_fire_boots":1,"stat.pickup.minecraft.leather_helmet":2,"stat.useItem.minecraft.trapdoor":4,"stat.pickup.realistic_minerals.morganite":43,"stat.mineBlock.realistic_minerals.sapphireore":25,"stat.useItem.iceandfire.dragon_horn_ice":9,"stat.mineBlock.realistic_minerals.whiteopalore":26,"stat.pickup.minecraft.potion":7,"stat.pickup.inventorypets.moon_pet":1,"stat.craftItem.inventorypets.nugget_emerald":9,"stat.mineBlock.minecraft.stone_pressure_plate":3,"stat.useItem.minecraft.nether_brick":34,"stat.pickup.astralsorcery.blockmarblestairs":12,"stat.mineBlock.realistic_minerals.blacktourmalineore":17,"stat.drop.minecraft.torch":17,"stat.craftItem.realistic_minerals.blockofsapphire":5,"stat.pickup.chisel.marble2":369,"stat.mineBlock.minecraft.tallgrass":28,"stat.killEntity.betteranimalsplus.goose":3,"stat.useItem.minecraft.stone":18,"stat.pickup.minecraft.arrow":256,"stat.craftItem.iceandfire.dragonbone_axe":1,"stat.pickup.realistic_minerals.fluorite":54,"stat.pickup.harvestcraft.chilipepperitem":1,"stat.drop.minecraft.iron_pickaxe":2,"stat.useItem.hammertime.itemhammeriron":21,"stat.pickup.chisel.basalt2":5,"stat.drop.harvestcraft.beanitem":1,"stat.mineBlock.minecraft.chest":11,"stat.pickup.minecraft.nether_brick_fence":3,"stat.pickup.iceandfire.silver_ore":30,"stat.pickup.harvestcraft.agaveitem":2,"stat.useItem.chisel.marble2":85,"stat.useItem.iceandfire.dragonsteel_fire_sword":193,"stat.craftItem.realistic_minerals.whiteopalarmorlegs":1,"stat.mineBlock.betteranimalsplus.wolfhead_6":1,"stat.pickup.minecraft.wheat_seeds":62,"stat.useItem.iceandfire.dragonbone_bow":1354,"stat.mineBlock.minecraft.dirt":35,"stat.pickup.inventorypets.lead_pet":3,"stat.useItem.minecraft.bread":5,"stat.mineBlock.iceandfire.silver_ore":23,"stat.drop.minecraft.porkchop":13,"stat.useItem.minecraft.cobblestone":1152,"stat.useItem.minecraft.gravel":22,"stat.pickup.iceandfire.dragonegg_green":5,"stat.useItem.hammertime.itemhammerstone":46,"stat.pickup.minecraft.iron_pickaxe":16,"stat.pickup.betteranimalsplus.wolfhead_6":4,"stat.mineBlock.iceandfire.frozen_cobblestone":1,"stat.craftItem.iceandfire.dragonsteel_fire_hoe":1,"stat.craftItem.chisel.chisel_iron":1,"stat.mineBlock.chisel.stonebrick2":1,"stat.pickup.iceandfire.fire_dragon_blood":65,"stat.pickup.minecraft.apple":7,"stat.pickup.inventorypets.nugget_emerald":20,"stat.itemEnchanted":3,"stat.pickup.iceandfire.dragonscales_green":107,"stat.mineBlock.minecraft.log":238,"stat.pickup.iceandfire.dragonbone":590,"stat.craftItem.spartanweaponry.halberd_iron":1,"stat.pickup.minecraft.red_flower":16,"stat.pickup.minecraft.wool":75,"stat.craftItem.thaumcraft.plank_greatwood":532,"stat.useItem.minecraft.wooden_axe":4,"stat.craftItem.iceandfire.dragonsteel_fire_leggings":1,"stat.pickup.astralsorcery.blockblackmarble":34,"stat.mineBlock.thaumcraft.ore_cinnabar":18,"stat.cakeSlicesEaten":5,"stat.useItem.minecraft.iron_axe":130,"stat.entityKilledBy.betteranimalsplus.shark":1,"stat.craftItem.tombstone.grave_key":3,"stat.useItem.minecraft.skull":4,"stat.drop.iceandfire.dragonbone_bow":1,"stat.craftItem.minecraft.wool":8,"stat.mineBlock.astralsorcery.blockcustomore":1,"stat.drop.betteranimalsplus.eel_meat_raw":1,"stat.useItem.minecraft.snow":2,"stat.pickup.minecraft.enchanted_book":30,"stat.mineBlock.thaumcraft.ore_amber":6,"stat.useItem.minecraft.obsidian":55,"stat.pickup.harvestcraft.cactusfruititem":1,"stat.pickup.minecraft.bow":11,"stat.craftItem.iceandfire.dragonsteel_fire_sword":1,"stat.pickup.iceandfire.chain_link":7,"stat.mineBlock.minecraft.obsidian":102,"stat.pickup.minecraft.shears":2,"stat.flyOneCm":3062596,"stat.pickup.minecraft.nether_brick_stairs":3,"stat.timeSinceDeath":156401,"stat.pickup.realistic_minerals.blueopal":64,"stat.pickup.minecraft.chainmail_helmet":1,"stat.pickup.minecraft.nether_wart":12,"stat.killEntity.seaserpent":1,"stat.pickup.iceandfire.frozen_cobblestone":16,"stat.mineBlock.realistic_minerals.fireopalore":27,"stat.craftItem.iceandfire.dragonsteel_fire_ingot":5,"stat.drop.hammertime.itemhammeriron":1,"stat.mineBlock.minecraft.coal_ore":604,"stat.pickup.minecraft.shield":15,"stat.drop.spartanweaponry.halberd_iron":1,"stat.pickup.minecraft.string":105,"stat.mineBlock.minecraft.ladder":2,"stat.craftItem.realistic_minerals.blockofmorganite":3,"stat.useItem.minecraft.written_book":1,"stat.craftItem.minecraft.wooden_axe":1,"stat.killEntity.ebwizardry:evil_wizard":2,"stat.mineBlock.minecraft.diamond_ore":29,"stat.pickup.minecraft.spawn_egg":1,"stat.useItem.minecraft.ladder":50,"stat.drop.ebwizardry.crystal_flower":1,"stat.pickup.minecraft.snowball":3755,"stat.pickup.iceandfire.chared_dirt":44,"stat.pickup.iceandfire.troll_weapon.trunk":1,"stat.pickup.chisel.stonebrick2":2,"stat.diveOneCm":522204,"stat.pickup.iceandfire.dragonbone_bow":1,"stat.pickup.iceandfire.dragonscales_sapphire":122,"stat.craftItem.minecraft.ladder":63,"stat.useItem.minecraft.chicken":2,"stat.pickup.minecraft.stone_axe":3,"stat.craftItem.iceandfire.wither_shard":3,"stat.useItem.minecraft.rotten_flesh":6,"stat.jump":18011,"stat.useItem.minecraft.sand":1,"stat.drop.iceandfire.dragonbone_sword_ice":1,"stat.pickup.iceandfire.chared_gravel":22,"stat.craftItem.minecraft.torch":284,"stat.pickup.thaumcraft.plank_greatwood":12,"stat.craftItem.iceandfire.armor_bronze_leggings":3,"stat.useItem.minecraft.sapling":1,"stat.pickup.minecraft.gold_ore":19,"stat.damageTaken":43741,"stat.pickup.ebwizardry.crystal_flower":19,"stat.entityKilledBy.ZombieVillager":1,"stat.pickup.minecraft.bed":1,"stat.killEntity.hippogryph":2,"stat.pickup.minecraft.acacia_fence":1,"stat.pickup.minecraft.potato":12,"stat.useItem.forge.bucketfilled":11,"stat.entityKilledBy.Zombie":13,"stat.drop.thaumcraft.brain":1,"stat.pickup.hammertime.itemhammeriron":10,"stat.killEntity.Silverfish":15,"stat.craftItem.minecraft.stone_slab":6,"stat.useItem.minecraft.chest":23,"stat.mineBlock.realistic_minerals.rosequartzore":15,"stat.killEntity.ebwizardry:ice_wraith":34,"stat.killEntity.betteranimalsplus.feralwolf":6,"stat.pickup.iceandfire.dragonscale_green":1,"stat.mineBlock.realistic_minerals.smokyquartzore":10,"stat.pickup.realistic_minerals.whiteopalarmorlegs":1,"stat.mineBlock.astralsorcery.blockwell":6,"stat.useItem.iceandfire.dragonbone_axe":316,"stat.craftItem.minecraft.iron_chestplate":4,"stat.craftItem.hammertime.itemhammerdiamond":1,"stat.pickup.minecraft.baked_potato":12,"stat.killEntity.if_troll":5,"stat.entityKilledBy.icedragon":4,"stat.pickup.minecraft.ender_pearl":3,"stat.pickup.ebwizardry.spruce_bookshelf":14,"stat.pickup.minecraft.ladder":36,"stat.useItem.minecraft.netherrack":36,"stat.pickup.iceandfire.dragonbone_pickaxe":2,"stat.mineBlock.minecraft.stonebrick":36,"stat.pickup.minecraft.torch":205,"stat.mineBlock.astralsorcery.blockcustomsandore":9,"stat.killEntity.firedragon":20,"stat.useItem.iceandfire.fire_dragon_flesh":90,"stat.mineBlock.realistic_minerals.aquamarineore":35,"stat.useItem.iceandfire.dragonbone_sword":434,"stat.craftItem.minecraft.iron_axe":1,"stat.useItem.iceandfire.dragon_horn_fire":17,"stat.pickup.astralsorcery.itemconstellationpaper":8,"stat.useItem.astralsorcery.blockwell":7,"stat.useItem.minecraft.mutton":6,"stat.craftItem.iceandfire.dragon_meal":1,"stat.useItem.minecraft.planks":93,"stat.useItem.tombstone.familiar_stone":1,"stat.useItem.minecraft.nether_brick_stairs":1,"stat.craftItem.iceandfire.armor_bronze_helmet":3,"stat.pickup.realistic_minerals.whiteopal":66,"stat.craftItem.iceandfire.armor_green_chestplate":1,"stat.pickup.minecraft.porkchop":52,"stat.craftItem.astralsorcery.itemwand":1,"stat.drop.ebwizardry.magic_crystal":1,"stat.pickup.realistic_minerals.alexandrite":45,"stat.craftItem.inventorypets.wither_pet":1,"stat.useItem.minecraft.water_bucket":6,"stat.mineBlock.thaumcraft.log_greatwood":283,"stat.pickup.minecraft.sand":21,"stat.entityKilledBy.Spider":2,"stat.pickup.minecraft.name_tag":1,"stat.entityKilledBy.cyclops":2,"stat.entityKilledBy.firedragon":12,"stat.pickup.iceandfire.ash":8,"stat.pickup.betteranimalsplus.eel_meat_raw":1,"stat.craftItem.minecraft.blaze_powder":3,"stat.drop.astralsorcery.itemjournal":1,"stat.useItem.minecraft.spawn_egg":49,"stat.useItem.iceandfire.dragonbone_sword_ice":29,"stat.craftItem.realistic_minerals.blockoffireopal":5,"stat.pickup.iceandfire.dragon_skull":64,"stat.drop.iceandfire.armor_bronze_helmet":2,"stat.drop.minecraft.stone_slab":1,"stat.pickup.harvestcraft.turnipitem":2,"stat.pickup.minecraft.furnace":10,"stat.drop.iceandfire.dragon_skull":1,"stat.pickup.realistic_minerals.blacktourmaline":60,"stat.craftItem.iceandfire.dragonscale_green":9,"stat.pickup.minecraft.iron_chestplate":14,"stat.pickup.minecraft.skull":6,"stat.pickup.tombstone.magic_scroll":10,"stat.drop.harvestcraft.turnipitem":1,"stat.killEntity.betteranimalsplus.tarantula":1,"stat.mineBlock.minecraft.oak_stairs":1,"stat.playOneMinute":1410486,"stat.drop.minecraft.string":2,"stat.pickup.minecraft.iron_bars":62,"stat.craftItem.realistic_minerals.blockoffluorite":1,"stat.mineBlock.minecraft.netherrack":294,"stat.pickup.realistic_minerals.sapphire":53,"stat.craftItem.iceandfire.dragonbone_sword":2,"stat.pickup.betteranimalsplus.venisonraw":2,"stat.craftItem.inventorypets.nugget_coal":16,"stat.craftItem.minecraft.iron_nugget":0,"stat.pickup.minecraft.cooked_chicken":4,"stat.fallOneCm":488696,"stat.craftItem.minecraft.chest":29,"stat.useItem.minecraft.nether_brick_fence":3,"stat.pickup.minecraft.red_mushroom":2,"stat.craftItem.astralsorcery.blockblackmarble":16,"stat.entityKilledBy.ebwizardry:evil_wizard":1,"stat.craftItem.iceandfire.armor_gray_leggings":2,"stat.pickup.minecraft.feather":16,"stat.mineBlock.harvestcraft.pamcherry":1,"stat.pickup.iceandfire.dragonscales_red":190,"stat.useItem.iceandfire.dragonforge_fire_brick":23,"stat.useItem.minecraft.stone_pickaxe":1013,"stat.craftItem.minecraft.iron_leggings":2,"stat.craftItem.iceandfire.armor_gray_boots":2,"stat.pickup.minecraft.chainmail_boots":1,"stat.useItem.minecraft.iron_bars":5,"stat.mineBlock.minecraft.monster_egg":1,"stat.mineBlock.realistic_minerals.amethystore":16,"stat.pickup.minecraft.log":383,"stat.craftItem.inventorypets.illuminati_pet":1,"stat.craftItem.hammertime.itemhammerstone":2,"stat.craftItem.usefulbackpacks.backpack":1,"stat.pickup.minecraft.chainmail_leggings":3,"stat.craftItem.realistic_minerals.blockofwhiteopal":3,"stat.entityKilledBy.Enderman":1,"stat.pickup.iceandfire.dragonscales_gray":158,"stat.craftItem.minecraft.snow":3,"stat.pickup.minecraft.diamond_helmet":2,"stat.mineBlock.iceandfire.dragon_ice_spikes":53,"stat.sneakTime":74243,"stat.pickup.thaumcraft.amber":18,"stat.mineBlock.realistic_minerals.alexandriteore":22,"stat.pickup.minecraft.chest":12,"stat.useItem.minecraft.web":8,"stat.pickup.minecraft.stone_pressure_plate":1,"stat.craftItem.inventorypets.nugget_lapis":9,"stat.pickup.realistic_minerals.citrine":6,"stat.craftItem.realistic_minerals.blockofaquamarine":7,"stat.swimOneCm":344785,"stat.pickup.realistic_minerals.topaz":61,"stat.useItem.minecraft.dirt":12,"stat.killEntity.betteranimalsplus.boar":12,"stat.mineBlock.minecraft.magma":3,"stat.pickup.thaumcraft.smelter_aux":78,"stat.pickup.minecraft.gold_block":5,"stat.drop.minecraft.fence":1,"stat.mineBlock.chisel.limestone2":17,"stat.drop.minecraft.wheat_seeds":21,"stat.pickup.iceandfire.dragon_horn_ice":2,"stat.pickup.iceandfire.armor_bronze_boots":2,"stat.craftItem.iceandfire.dragon_horn":3,"stat.useItem.minecraft.sign":1,"stat.pickup.minecraft.mutton":37,"stat.craftItem.iceandfire.dragonscale_gray":8,"stat.craftItem.astralsorcery.blockmarble":12,"stat.pickup.minecraft.wooden_axe":1,"stat.pickup.minecraft.stonebrick":122,"stat.pickup.harvestcraft.bolognasandwichitem":305,"stat.pickup.ebwizardry.magic_crystal":283,"stat.mineBlock.minecraft.nether_brick":41,"stat.craftItem.iceandfire.armor_red_chestplate":1,"stat.useItem.astralsorcery.blockmarble":92,"stat.useItem.iceandfire.frozen_stone":25,"stat.craftItem.minecraft.stone_slab2":0,"stat.pickup.realistic_minerals.fireopal":58,"stat.drop.minecraft.potion":1,"stat.useItem.minecraft.stone_slab":6,"stat.craftItem.minecraft.stone":558,"stat.craftItem.minecraft.armor_stand":4,"stat.mineBlock.minecraft.crafting_table":9,"stat.mineBlock.minecraft.quartz_block":25,"stat.useItem.minecraft.carrot":15,"stat.useItem.hammertime.itemhammerdiamond":24,"stat.craftItem.hammertime.itemhammeriron":3,"stat.pickup.inventorypets.nugget_obsidian":29,"stat.pickup.ebwizardry.spark_bomb":1,"stat.craftItem.spartanweaponry.greatsword_iron":1,"stat.killEntity.BrainyZombie":2,"stat.pickup.minecraft.gravel":413,"stat.useItem.minecraft.diamond_axe":17,"stat.pickup.astralsorcery.itemrockcrystalsimple":2,"stat.pickup.minecraft.stone_brick_stairs":6,"stat.pickup.ebwizardry.apprentice_healing_wand":1,"stat.pickup.minecraft.diamond_sword":1,"stat.pickup.minecraft.iron_helmet":4,"stat.pickup.thaumcraft.quicksilver":33,"stat.pickup.minecraft.spider_eye":24,"stat.pickup.minecraft.iron_ore":283,"stat.entityKilledBy.siren":8,"stat.pickup.iceandfire.shiny_scales":58,"stat.mineBlock.minecraft.iron_bars":54,"stat.pickup.harvestcraft.grilledcheeseitem":29,"stat.pickup.minecraft.leaves":14,"stat.pickup.minecraft.leather":41,"stat.craftItem.ebwizardry.crystal_block":7,"stat.useItem.minecraft.wooden_pickaxe":6,"stat.drop.betteranimalsplus.pheasantraw":1,"stat.drop.iceandfire.armor_bronze_chestplate":2,"stat.pickup.iceandfire.sapphire_gem":2,"stat.useItem.iceandfire.dragonbone_pickaxe":1666,"stat.pickup.minecraft.prismarine_crystals":46,"stat.pickup.minecraft.reeds":18,"tombstone:undead_killed":226,"stat.useItem.minecraft.magma":2,"stat.pickup.inventorypets.pixie_pet":1,"stat.craftItem.minecraft.glass":0,"stat.killEntity.Wisp":1,"stat.sleepInBed":4,"stat.killEntity.Cow":4,"stat.killEntity.Pig":16,"stat.craftItem.minecraft.iron_sword":5,"stat.walkOneCm":2670277,"stat.drop.harvestcraft.chilipepperitem":1,"stat.mineBlock.realistic_minerals.amazoniteore":38,"stat.pickup.hammertime.itemhammerstone":9,"stat.pickup.inventorypets.cow_pet":2,"stat.entityKilledBy.ebwizardry:ice_wraith":2,"stat.drop.chisel.marble2":1,"stat.pickup.minecraft.stone":1301,"stat.pickup.biomesoplenty.fleshchunk":106,"stat.mineBlock.minecraft.packed_ice":573,"stat.mineBlock.realistic_minerals.citrineore":4,"stat.craftItem.iceandfire.dragonsteel_fire_helmet":1,"stat.pickup.minecraft.gold_ingot":94,"stat.killEntity.Skeleton":81,"stat.killEntity.Spider":55,"stat.pickup.minecraft.bread":10,"stat.mineBlock.biomesoplenty.flesh":60,"stat.pickup.astralsorcery.itemcraftingcomponent":46,"stat.craftItem.iceandfire.armor_red_boots":1,"stat.pickup.minecraft.quartz":150,"stat.pickup.iceandfire.dragonegg_gray":1,"stat.mineBlock.minecraft.redstone_ore":3,"stat.pickup.minecraft.lava_bucket":1,"stat.craftItem.minecraft.coal_block":41,"stat.craftItem.iceandfire.armor_green_boots":1,"stat.craftItem.minecraft.brick":0,"stat.mineBlock.minecraft.stone":2608,"stat.craftItem.iceandfire.armor_sapphire_boots":1}