{"stat.pickup.minecraft.bone":3,"stat.leaveGame":8,"stat.mineBlock.ebwizardry.crystal_flower":4,"stat.mineBlock.minecraft.cobblestone":6,"stat.mineBlock.thaumcraft.ore_quartz":2,"stat.drop.minecraft.redstone":3,"stat.swimOneCm":29387,"stat.climbOneCm":1430,"stat.pickup.minecraft.porkchop":9,"stat.useItem.minecraft.stone_slab2":9,"stat.pickup.minecraft.bow":1,"stat.pickup.minecraft.rotten_flesh":2,"stat.craftItem.minecraft.iron_boots":1,"stat.pickup.minecraft.cobblestone":327,"stat.drop.harvestcraft.cherryitem":1,"stat.flyOneCm":14551,"stat.pickup.harvestcraft.toastsandwichitem":65,"stat.drop.minecraft.wheat_seeds":1,"stat.drop.harvestcraft.toastsandwichitem":1,"stat.pickup.minecraft.redstone":207,"stat.mineBlock.minecraft.iron_ore":23,"stat.timeSinceDeath":84491,"stat.useItem.minecraft.iron_pickaxe":678,"stat.furnaceInteraction":7,"stat.pickup.harvestcraft.cherryitem":3,"stat.pickup.harvestcraft.cornitem":1,"stat.mineBlock.minecraft.coal_ore":89,"stat.talkedToVillager":2,"stat.mineBlock.harvestcraft.windygarden":1,"stat.sprintOneCm":51037,"stat.craftItem.minecraft.stick":16,"stat.craftItem.minecraft.stone":64,"stat.mineBlock.minecraft.diamond_ore":11,"stat.useItem.minecraft.wheat_seeds":19,"stat.mineBlock.minecraft.crafting_table":2,"stat.pickup.thaumcraft.nugget":1,"stat.waystones:waystonesActivated":1,"stat.useItem.minecraft.carrot":9,"stat.deaths":1,"stat.drop":10,"stat.pickup.harvestcraft.flaxitem":1,"stat.playOneMinute":87966,"stat.craftItem.minecraft.iron_pickaxe":2,"stat.drop.ebwizardry.crystal_flower":3,"stat.killEntity.Zombie":1,"stat.craftItem.minecraft.dye":1,"stat.mineBlock.minecraft.gold_ore":14,"stat.mineBlock.minecraft.tallgrass":58,"stat.diveOneCm":1409,"stat.pickup.minecraft.wheat":16,"stat.chestOpened":19,"stat.useItem.minecraft.stone":27,"stat.pickup.minecraft.arrow":3,"stat.useItem.minecraft.porkchop":5,"stat.useItem.ebwizardry.crystal_flower":1,"stat.drop.minecraft.iron_pickaxe":1,"stat.jump":697,"stat.pickup.minecraft.coal":109,"stat.fallOneCm":6357,"stat.pickup.minecraft.iron_ingot":2,"stat.pickup.minecraft.carrot":13,"stat.crouchOneCm":444,"stat.pickup.minecraft.spider_eye":14,"stat.craftItem.minecraft.iron_ingot":87,"stat.craftItem.minecraft.torch":4,"stat.craftItem.minecraft.iron_helmet":1,"stat.craftingTableInteraction":9,"stat.pickup.minecraft.iron_ore":38,"stat.pickup.iceandfire.silver_ore":1,"stat.pickup.minecraft.gold_ore":13,"stat.mineBlock.minecraft.lapis_ore":13,"stat.damageTaken":649,"stat.mineBlock.minecraft.torch":8,"stat.mineBlock.minecraft.red_flower":1,"stat.mineBlock.harvestcraft.pamcherry":2,"stat.pickup.ebwizardry.crystal_flower":4,"stat.pickup.minecraft.dye":35,"stat.pickup.minecraft.bed":2,"tombstone:undead_killed":3,"stat.pickup.minecraft.wheat_seeds":42,"stat.mineBlock.minecraft.gravel":2,"stat.craftItem.minecraft.iron_leggings":1,"stat.damageDealt":863,"stat.sleepInBed":2,"stat.mineBlock.minecraft.dirt":7,"stat.killEntity.Pig":4,"stat.craftItem.minecraft.iron_sword":1,"stat.walkOneCm":245474,"stat.useItem.minecraft.torch":8,"stat.animalsBred":1,"stat.mineBlock.iceandfire.silver_ore":1,"stat.pickup.minecraft.crafting_table":2,"stat.useItem.minecraft.cobblestone":66,"stat.craftItem.minecraft.crafting_table":1,"stat.mineBlock.ebwizardry.crystal_ore":1,"stat.pickup.minecraft.log":11,"stat.pickup.minecraft.iron_pickaxe":2,"stat.pickup.minecraft.stone":52,"stat.craftItem.minecraft.iron_chestplate":1,"stat.useItem.harvestcraft.toastsandwichitem":3,"stat.pickup.minecraft.sapling":2,"stat.pickup.minecraft.apple":1,"stat.killEntity.Skeleton":2,"stat.pickup.harvestcraft.amaranthitem":1,"stat.pickup.thaumcraft.ore_cinnabar":2,"stat.craftItem.minecraft.planks":12,"stat.useItem.minecraft.iron_sword":19,"stat.mobKills":7,"stat.mineBlock.minecraft.log":11,"stat.pickup.minecraft.quartz":2,"stat.pickup.minecraft.diamond":11,"stat.mineBlock.minecraft.leaves":5,"stat.pickup.minecraft.torch":18,"stat.pickup.minecraft.red_flower":1,"stat.mineBlock.minecraft.redstone_ore":67,"stat.sneakTime":203,"stat.mineBlock.minecraft.stone":449,"stat.mineBlock.thaumcraft.ore_cinnabar":2}