{"stat.pickup.minecraft.bone":2,"stat.leaveGame":5,"stat.mineBlock.ebwizardry.crystal_flower":4,"stat.mineBlock.minecraft.cobblestone":2,"stat.mineBlock.thaumcraft.ore_quartz":2,"stat.swimOneCm":23205,"stat.climbOneCm":1430,"stat.pickup.minecraft.porkchop":9,"stat.useItem.minecraft.stone_slab2":5,"stat.pickup.minecraft.rotten_flesh":2,"stat.pickup.minecraft.cobblestone":196,"stat.drop.harvestcraft.cherryitem":1,"stat.flyOneCm":10077,"stat.pickup.harvestcraft.toastsandwichitem":65,"stat.drop.minecraft.wheat_seeds":1,"stat.drop.harvestcraft.toastsandwichitem":1,"stat.pickup.minecraft.redstone":71,"stat.mineBlock.minecraft.iron_ore":13,"stat.timeSinceDeath":51297,"stat.useItem.minecraft.iron_pickaxe":253,"stat.furnaceInteraction":7,"stat.pickup.harvestcraft.cherryitem":3,"stat.pickup.harvestcraft.cornitem":1,"stat.mineBlock.minecraft.coal_ore":34,"stat.talkedToVillager":2,"stat.mineBlock.harvestcraft.windygarden":1,"stat.sprintOneCm":44152,"stat.craftItem.minecraft.stick":8,"stat.craftItem.minecraft.stone":64,"stat.mineBlock.minecraft.diamond_ore":5,"stat.useItem.minecraft.wheat_seeds":19,"stat.mineBlock.minecraft.crafting_table":1,"stat.pickup.thaumcraft.nugget":1,"stat.waystones:waystonesActivated":1,"stat.useItem.minecraft.carrot":9,"stat.deaths":1,"stat.drop":6,"stat.pickup.harvestcraft.flaxitem":1,"stat.playOneMinute":54772,"stat.craftItem.minecraft.iron_pickaxe":1,"stat.drop.ebwizardry.crystal_flower":3,"stat.killEntity.Zombie":1,"stat.craftItem.minecraft.dye":1,"stat.mineBlock.minecraft.gold_ore":1,"stat.mineBlock.minecraft.tallgrass":58,"stat.diveOneCm":1111,"stat.pickup.minecraft.wheat":16,"stat.chestOpened":5,"stat.useItem.minecraft.stone":23,"stat.pickup.minecraft.arrow":1,"stat.useItem.minecraft.porkchop":5,"stat.useItem.ebwizardry.crystal_flower":1,"stat.jump":515,"stat.pickup.minecraft.coal":73,"stat.fallOneCm":4846,"stat.pickup.minecraft.iron_ingot":2,"stat.pickup.minecraft.carrot":13,"stat.crouchOneCm":302,"stat.craftItem.minecraft.iron_ingot":87,"stat.craftItem.minecraft.torch":4,"stat.craftingTableInteraction":6,"stat.pickup.minecraft.iron_ore":29,"stat.pickup.iceandfire.silver_ore":1,"stat.mineBlock.minecraft.lapis_ore":4,"stat.damageTaken":318,"stat.mineBlock.minecraft.torch":3,"stat.mineBlock.minecraft.red_flower":1,"stat.mineBlock.harvestcraft.pamcherry":2,"stat.pickup.ebwizardry.crystal_flower":4,"stat.pickup.minecraft.dye":27,"stat.pickup.minecraft.bed":2,"tombstone:undead_killed":1,"stat.pickup.minecraft.wheat_seeds":42,"stat.damageDealt":474,"stat.sleepInBed":2,"stat.killEntity.Pig":4,"stat.walkOneCm":171203,"stat.useItem.minecraft.torch":2,"stat.animalsBred":1,"stat.mineBlock.iceandfire.silver_ore":1,"stat.pickup.minecraft.crafting_table":1,"stat.craftItem.minecraft.crafting_table":1,"stat.pickup.minecraft.log":11,"stat.pickup.minecraft.iron_pickaxe":1,"stat.pickup.minecraft.stone":47,"stat.useItem.harvestcraft.toastsandwichitem":1,"stat.pickup.minecraft.sapling":2,"stat.pickup.minecraft.apple":1,"stat.pickup.harvestcraft.amaranthitem":1,"stat.pickup.thaumcraft.ore_cinnabar":1,"stat.craftItem.minecraft.planks":8,"stat.mobKills":5,"stat.mineBlock.minecraft.log":11,"stat.pickup.minecraft.quartz":2,"stat.pickup.minecraft.diamond":5,"stat.mineBlock.minecraft.leaves":5,"stat.pickup.minecraft.torch":3,"stat.pickup.minecraft.red_flower":1,"stat.mineBlock.minecraft.redstone_ore":16,"stat.sneakTime":37,"stat.mineBlock.minecraft.stone":175,"stat.mineBlock.thaumcraft.ore_cinnabar":1}