{"stat.cakeSlicesEaten":7,"stat.pickup.minecraft.bone":10,"stat.pickup.iceandfire.armor_bronze_helmet":1,"stat.leaveGame":3,"stat.mineBlock.ebwizardry.crystal_flower":5,"stat.mineBlock.minecraft.cobblestone":6,"stat.mineBlock.minecraft.pumpkin":3,"stat.pickup.ebwizardry.spell_book":2,"stat.pickup.minecraft.flower_pot":1,"stat.swimOneCm":12716,"stat.climbOneCm":601,"stat.pickup.minecraft.porkchop":9,"stat.useItem.minecraft.dirt":15,"stat.killEntity.betteranimalsplus.boar":1,"stat.useItem.minecraft.stone_slab2":24,"stat.mineBlock.thaumcraft.log_greatwood":2,"stat.pickup.minecraft.rotten_flesh":1,"stat.pickup.minecraft.sand":1,"stat.pickup.iceandfire.armor_bronze_chestplate":1,"stat.useItem.minecraft.egg":4,"stat.craftItem.minecraft.stone_pickaxe":1,"stat.pickup.minecraft.cobblestone":21,"stat.craftItem.minecraft.stone_sword":1,"stat.flyOneCm":104777,"stat.entityKilledBy.firedragon":1,"stat.mineBlock.minecraft.sand":1,"stat.drop.ebwizardry.spell_book":2,"stat.timeSinceDeath":3691,"stat.pickup.iceandfire.armor_bronze_boots":1,"stat.useItem.thaumcraft.plank_greatwood":1,"stat.craftItem.minecraft.wooden_pickaxe":1,"stat.pickup.minecraft.mossy_cobblestone":1,"stat.craftItem.ebwizardry.magic_crystal":2,"stat.mineBlock.minecraft.vine":1,"stat.pickup.iceandfire.armor_bronze_leggings":1,"stat.pickup.minecraft.stonebrick":36,"stat.furnaceInteraction":3,"stat.pickup.harvestcraft.cherryitem":2,"stat.mineBlock.thaumcraft.plank_greatwood":1,"stat.mineBlock.minecraft.coal_ore":25,"stat.talkedToVillager":1,"stat.useItem.minecraft.written_book":1,"stat.sprintOneCm":212388,"stat.craftItem.minecraft.stick":12,"stat.pickup.tombstone.magic_scroll":1,"stat.mineBlock.harvestcraft.pamorange":1,"stat.mineBlock.thaumcraft.vishroom":2,"stat.pickup.thaumcraft.crystal_essence":4,"stat.useItem.minecraft.carrot":8,"stat.deaths":2,"stat.drop":4,"stat.pickup.minecraft.egg":4,"stat.playOneMinute":93713,"stat.killEntity.Zombie":2,"stat.mineBlock.minecraft.tallgrass":6,"stat.diveOneCm":15934,"stat.pickup.minecraft.wheat":2,"stat.chestOpened":32,"stat.mineBlock.minecraft.mossy_cobblestone":1,"stat.pickup.minecraft.pumpkin":3,"stat.useItem.minecraft.stone":1,"stat.pickup.minecraft.gravel":1,"stat.pickup.minecraft.arrow":5,"stat.useItem.minecraft.chicken":4,"stat.useItem.minecraft.porkchop":8,"stat.useItem.harvestcraft.grilledcheeseitem":5,"stat.jump":1172,"stat.pickup.minecraft.coal":24,"stat.fallOneCm":22927,"stat.pickup.minecraft.carrot":7,"stat.useItem.minecraft.stone_axe":12,"stat.crouchOneCm":3251,"stat.craftItem.minecraft.chest":1,"stat.craftItem.minecraft.torch":40,"stat.pickup.thaumcraft.plank_greatwood":1,"stat.pickup.minecraft.dirt":23,"stat.craftingTableInteraction":9,"stat.boatOneCm":34333,"stat.pickup.harvestcraft.grilledcheeseitem":128,"stat.damageTaken":1371,"stat.pickup.minecraft.feather":6,"stat.mineBlock.minecraft.red_flower":1,"stat.mineBlock.minecraft.torch":11,"stat.mineBlock.harvestcraft.pamcherry":1,"stat.useItem.minecraft.wooden_pickaxe":9,"stat.craftItem.minecraft.wooden_sword":1,"stat.pickup.ebwizardry.crystal_flower":5,"tombstone:undead_killed":3,"stat.pickup.minecraft.wheat_seeds":10,"stat.mineBlock.minecraft.gravel":1,"stat.useItem.minecraft.stone_pickaxe":81,"stat.useItem.minecraft.stone_sword":29,"stat.damageDealt":1695,"stat.sleepInBed":5,"stat.useItem.harvestcraft.cherryitem":2,"stat.mineBlock.minecraft.dirt":24,"stat.killEntity.Pig":4,"stat.pickup.minecraft.boat":1,"stat.walkOneCm":312882,"stat.useItem.minecraft.bread":4,"stat.useItem.minecraft.torch":47,"stat.craftItem.minecraft.crafting_table":3,"stat.craftItem.minecraft.boat":1,"stat.pickup.minecraft.log":11,"stat.useItem.tombstone.gift":1,"stat.mineBlock.thaumcraft.crystal_terra":1,"stat.pickup.minecraft.stone":3,"stat.drop.minecraft.sapling":2,"stat.pickup.minecraft.chicken":4,"stat.pickup.minecraft.sapling":3,"stat.pickup.thaumcraft.vishroom":2,"stat.killEntity.Skeleton":2,"stat.mineBlock.minecraft.stonebrick":37,"stat.craftItem.minecraft.planks":40,"stat.useItem.minecraft.iron_sword":29,"stat.killEntity.Chicken":4,"stat.pickup.minecraft.stone_sword":1,"stat.mobKills":13,"stat.useItem.minecraft.stonebrick":23,"stat.pickup.minecraft.book":3,"stat.mineBlock.minecraft.log":11,"stat.mineBlock.minecraft.bookshelf":1,"stat.useItem.minecraft.boat":1,"stat.mineBlock.minecraft.leaves":8,"stat.pickup.minecraft.torch":11,"stat.pickup.minecraft.red_flower":1,"stat.pickup.thaumcraft.brain":2,"stat.sneakTime":2123,"stat.craftItem.thaumcraft.plank_greatwood":8,"stat.mineBlock.minecraft.stone":19,"stat.pickup.thaumcraft.log_greatwood":2}