{"stat.cakeSlicesEaten":7,"stat.pickup.minecraft.bone":12,"stat.pickup.iceandfire.armor_bronze_helmet":1,"stat.leaveGame":6,"stat.mineBlock.ebwizardry.crystal_flower":9,"stat.mineBlock.minecraft.cobblestone":12,"stat.mineBlock.minecraft.pumpkin":3,"stat.pickup.betteranimalsplus.goose_egg":1,"stat.pickup.ebwizardry.spell_book":2,"stat.pickup.minecraft.flower_pot":1,"stat.swimOneCm":42388,"stat.climbOneCm":2799,"stat.useItem.minecraft.planks":14,"stat.pickup.minecraft.porkchop":9,"stat.useItem.minecraft.dirt":18,"stat.killEntity.betteranimalsplus.boar":1,"stat.useItem.harvestcraft.tomatoitem":2,"stat.useItem.minecraft.stone_slab2":32,"stat.mineBlock.thaumcraft.log_greatwood":2,"stat.pickup.minecraft.rotten_flesh":2,"stat.pickup.minecraft.sand":1,"stat.pickup.iceandfire.armor_bronze_chestplate":1,"stat.useItem.minecraft.egg":4,"stat.craftItem.minecraft.stone_pickaxe":2,"stat.pickup.minecraft.cobblestone":27,"stat.craftItem.minecraft.stone_sword":1,"stat.flyOneCm":278753,"stat.entityKilledBy.firedragon":1,"stat.mineBlock.minecraft.sand":1,"stat.drop.ebwizardry.spell_book":2,"stat.pickup.minecraft.redstone":1,"stat.timeSinceDeath":724,"stat.pickup.iceandfire.armor_bronze_boots":1,"stat.useItem.thaumcraft.plank_greatwood":1,"stat.craftItem.minecraft.wooden_pickaxe":2,"stat.pickup.minecraft.mossy_cobblestone":4,"stat.craftItem.ebwizardry.magic_crystal":2,"stat.mineBlock.minecraft.vine":2,"stat.pickup.iceandfire.armor_bronze_leggings":1,"stat.pickup.minecraft.stonebrick":38,"stat.furnaceInteraction":3,"stat.pickup.harvestcraft.cherryitem":2,"stat.mineBlock.thaumcraft.plank_greatwood":1,"stat.mineBlock.minecraft.coal_ore":28,"stat.talkedToVillager":1,"stat.useItem.minecraft.written_book":1,"stat.sprintOneCm":501686,"stat.craftItem.minecraft.stick":16,"stat.pickup.tombstone.magic_scroll":1,"stat.mineBlock.harvestcraft.pamorange":1,"stat.mineBlock.thaumcraft.vishroom":2,"stat.pickup.thaumcraft.crystal_essence":7,"stat.mineBlock.harvestcraft.pamapple":2,"stat.useItem.minecraft.carrot":51,"stat.deaths":7,"stat.drop":4,"stat.pickup.minecraft.egg":4,"stat.playOneMinute":173715,"stat.pickup.harvestcraft.starfruititem":1,"stat.killEntity.Zombie":3,"stat.mineBlock.minecraft.tallgrass":6,"stat.diveOneCm":58942,"stat.pickup.minecraft.wheat":2,"stat.chestOpened":82,"stat.mineBlock.minecraft.mossy_cobblestone":5,"stat.pickup.minecraft.pumpkin":3,"stat.pickup.harvestcraft.tomatoitem":2,"stat.useItem.minecraft.stone":1,"stat.pickup.minecraft.gravel":1,"stat.pickup.minecraft.arrow":7,"stat.useItem.minecraft.chicken":4,"stat.useItem.minecraft.apple":4,"stat.useItem.minecraft.porkchop":8,"stat.pickup.minecraft.gold_nugget":238,"stat.useItem.minecraft.rotten_flesh":4,"stat.useItem.harvestcraft.grilledcheeseitem":7,"stat.jump":2834,"stat.pickup.minecraft.coal":27,"stat.fallOneCm":53679,"stat.pickup.minecraft.carrot":50,"stat.useItem.minecraft.stone_axe":13,"stat.crouchOneCm":10968,"stat.craftItem.minecraft.chest":1,"stat.craftItem.minecraft.torch":40,"stat.pickup.thaumcraft.plank_greatwood":1,"stat.pickup.minecraft.dirt":40,"stat.craftingTableInteraction":13,"stat.boatOneCm":40810,"stat.pickup.harvestcraft.grilledcheeseitem":128,"stat.damageTaken":-2147481105,"stat.pickup.minecraft.feather":6,"stat.pickup.minecraft.leather":1,"stat.mineBlock.minecraft.red_flower":1,"stat.mineBlock.minecraft.torch":11,"stat.mineBlock.harvestcraft.pamcherry":1,"stat.useItem.minecraft.wooden_pickaxe":12,"stat.craftItem.minecraft.wooden_sword":1,"stat.pickup.ebwizardry.crystal_flower":9,"stat.pickup.minecraft.reeds":1,"tombstone:undead_killed":5,"stat.pickup.minecraft.wheat_seeds":10,"stat.mineBlock.minecraft.gravel":1,"stat.useItem.minecraft.stone_pickaxe":93,"stat.useItem.minecraft.stone_sword":29,"stat.damageDealt":2175,"stat.sleepInBed":6,"stat.useItem.harvestcraft.cherryitem":2,"stat.mineBlock.minecraft.dirt":41,"stat.killEntity.Pig":4,"stat.pickup.minecraft.boat":2,"stat.walkOneCm":605202,"stat.useItem.minecraft.bread":4,"stat.useItem.minecraft.torch":60,"stat.craftItem.minecraft.crafting_table":5,"stat.craftItem.minecraft.boat":2,"stat.killEntity.betteranimalsplus.horseshoecrab":1,"stat.mineBlock.harvestcraft.pamgooseberry":1,"stat.pickup.minecraft.log":24,"stat.entityKilledBy.ebwizardry:ice_wraith":1,"stat.useItem.tombstone.gift":1,"stat.mineBlock.thaumcraft.crystal_terra":2,"stat.pickup.minecraft.stone":3,"stat.drop.minecraft.sapling":2,"stat.pickup.minecraft.chicken":4,"stat.pickup.minecraft.sapling":6,"stat.pickup.thaumcraft.vishroom":2,"stat.pickup.minecraft.apple":4,"stat.killEntity.Skeleton":3,"stat.mineBlock.iceandfire.goldpile":44,"stat.mineBlock.minecraft.stonebrick":39,"stat.craftItem.minecraft.planks":92,"stat.useItem.minecraft.iron_sword":54,"stat.killEntity.Chicken":4,"stat.pickup.minecraft.stone_sword":1,"stat.mobKills":16,"stat.useItem.minecraft.stonebrick":24,"stat.pickup.minecraft.book":3,"stat.mineBlock.minecraft.log":19,"stat.mineBlock.minecraft.bookshelf":1,"stat.useItem.minecraft.boat":2,"stat.mineBlock.minecraft.leaves":40,"stat.pickup.minecraft.torch":11,"stat.pickup.minecraft.red_flower":1,"stat.pickup.thaumcraft.brain":2,"stat.sneakTime":4327,"stat.craftItem.thaumcraft.plank_greatwood":8,"stat.pickup.minecraft.stone_slab":2,"stat.mineBlock.minecraft.stone":19,"stat.pickup.thaumcraft.log_greatwood":2}