{"stat.pickup.minecraft.bone":1,"stat.pickup.minecraft.wooden_slab":36,"stat.leaveGame":1,"stat.mineBlock.ebwizardry.crystal_flower":6,"stat.mineBlock.minecraft.cobblestone":1,"stat.mineBlock.thaumcraft.ore_quartz":1,"stat.pickup.minecraft.stone_pickaxe":1,"stat.mineBlock.minecraft.yellow_flower":1,"stat.pickup.ebwizardry.spell_book":3,"stat.swimOneCm":9917,"stat.mineBlock.harvestcraft.beehive":3,"stat.climbOneCm":24,"stat.useItem.minecraft.planks":236,"stat.mineBlock.thaumcraft.ore_amber":3,"stat.pickup.minecraft.porkchop":8,"stat.useItem.harvestcraft.pearitem":5,"stat.useItem.minecraft.dirt":75,"stat.killEntity.betteranimalsplus.boar":3,"stat.useItem.minecraft.stone_slab2":38,"stat.useItem.minecraft.water_bucket":5,"stat.pickup.minecraft.rotten_flesh":5,"stat.pickup.minecraft.stone_hoe":1,"stat.craftItem.minecraft.furnace":1,"stat.craftItem.minecraft.stone_axe":2,"stat.pickup.harvestcraft.sweetpotatoitem":1,"stat.entityKilledBy.myrmex_worker":2,"stat.craftItem.minecraft.stone_pickaxe":7,"stat.pickup.minecraft.cobblestone":259,"stat.mineBlock.minecraft.wooden_slab":6,"stat.useItem.minecraft.stone_shovel":101,"stat.mineBlock.chisel.limestone2":17,"stat.craftItem.minecraft.stone_sword":2,"stat.flyOneCm":220382,"stat.useItem.harvestcraft.plumitem":2,"stat.craftItem.minecraft.wooden_slab":96,"stat.mineBlock.minecraft.iron_ore":10,"stat.timeSinceDeath":43914,"stat.useItem.minecraft.sign":1,"stat.craftItem.minecraft.wooden_pickaxe":5,"stat.useItem.minecraft.wooden_slab":97,"stat.pickup.minecraft.mutton":12,"stat.craftItem.minecraft.bed":2,"stat.mineBlock.chisel.marble2":4,"stat.pickup.minecraft.wooden_shovel":1,"stat.furnaceInteraction":27,"stat.pickup.minecraft.spruce_fence":5,"stat.drop.minecraft.dirt":3,"stat.pickup.harvestcraft.cherryitem":2,"stat.useItem.minecraft.cooked_porkchop":5,"stat.craftItem.minecraft.stone_hoe":1,"stat.pickup.minecraft.string":2,"stat.useItem.minecraft.cooked_mutton":11,"stat.entityKilledBy.Skeleton":1,"stat.craftItem.minecraft.stone_slab2":0,"stat.useItem.minecraft.spruce_fence":15,"stat.sprintOneCm":364588,"stat.entityKilledBy.myrmex_soldier":2,"stat.useItem.minecraft.fence":5,"stat.craftItem.minecraft.stick":84,"stat.craftItem.minecraft.wooden_axe":5,"stat.mineBlock.harvestcraft.pamwalnut":1,"stat.useItem.minecraft.wheat_seeds":9,"stat.mineBlock.minecraft.crafting_table":6,"stat.pickup.harvestcraft.nutmegitem":3,"stat.pickup.thaumcraft.nugget":1,"stat.useItem.minecraft.wooden_shovel":33,"stat.craftItem.minecraft.wooden_pressure_plate":4,"stat.entityKilledBy.betteranimalsplus.boar":1,"stat.deaths":9,"stat.mineBlock.minecraft.planks":16,"stat.drop":8,"stat.pickup.minecraft.egg":10,"stat.playOneMinute":160560,"stat.craftItem.minecraft.wooden_shovel":4,"stat.useItem.minecraft.wooden_sword":25,"stat.killEntity.Sheep":7,"stat.craftItem.minecraft.iron_pickaxe":1,"stat.killEntity.Zombie":5,"stat.pickup.minecraft.snowball":6,"stat.pickup.chisel.marble2":4,"stat.mineBlock.minecraft.tallgrass":67,"stat.craftItem.minecraft.cooked_mutton":11,"stat.diveOneCm":4267,"stat.chestOpened":19,"stat.killEntity.BrainyZombie":1,"stat.craftItem.minecraft.sign":3,"stat.useItem.minecraft.stone":2,"stat.pickup.minecraft.gravel":2,"stat.craftItem.minecraft.cooked_porkchop":5,"stat.pickup.minecraft.wooden_pressure_plate":4,"stat.pickup.minecraft.stone_axe":1,"stat.useItem.harvestcraft.nutmegitem":3,"stat.useItem.minecraft.apple":2,"stat.useItem.minecraft.porkchop":1,"stat.craftItem.minecraft.coal":15,"stat.jump":1629,"stat.pickup.minecraft.cooked_chicken":4,"stat.fallOneCm":40752,"stat.mineBlock.harvestcraft.pamhazelnut":1,"stat.useItem.minecraft.stone_axe":94,"stat.crouchOneCm":5659,"stat.mineBlock.harvestcraft.shadedgarden":1,"stat.craftItem.minecraft.torch":36,"stat.craftItem.minecraft.chest":2,"stat.craftItem.minecraft.iron_ingot":8,"stat.pickup.minecraft.dirt":166,"stat.useItem.minecraft.cooked_chicken":4,"stat.pickup.harvestcraft.chestnutitem":3,"stat.craftingTableInteraction":33,"stat.pickup.minecraft.iron_ore":10,"stat.pickup.minecraft.stone_shovel":1,"stat.mineBlock.minecraft.wooden_pressure_plate":4,"stat.pickup.harvestcraft.grilledcheeseitem":64,"stat.pickup.minecraft.wooden_pickaxe":1,"stat.damageTaken":2745,"stat.pickup.minecraft.leather":1,"stat.pickup.minecraft.feather":5,"stat.mineBlock.minecraft.torch":8,"stat.useItem.minecraft.wooden_pickaxe":62,"stat.pickup.harvestcraft.pawpawitem":1,"stat.craftItem.minecraft.wooden_sword":4,"stat.pickup.ebwizardry.crystal_flower":6,"stat.pickup.minecraft.planks":65,"stat.mineBlock.minecraft.spruce_fence":5,"stat.pickup.minecraft.reeds":20,"stat.pickup.chisel.limestone2":17,"stat.pickup.minecraft.wheat_seeds":10,"stat.mineBlock.minecraft.gravel":2,"stat.useItem.minecraft.stone_pickaxe":292,"stat.useItem.minecraft.stone_sword":53,"stat.damageDealt":3197,"stat.sleepInBed":2,"stat.useItem.harvestcraft.cherryitem":1,"stat.useItem.harvestcraft.chestnutitem":3,"stat.mineBlock.minecraft.dirt":112,"stat.mineBlock.harvestcraft.pamspiderweb":2,"stat.killEntity.Pig":1,"stat.craftItem.minecraft.iron_sword":1,"stat.mineBlock.harvestcraft.pampear":1,"stat.craftItem.minecraft.stone_shovel":1,"stat.walkOneCm":374848,"stat.useItem.minecraft.torch":36,"stat.pickup.harvestcraft.maplesyrupitem":2,"stat.pickup.minecraft.stick":2,"stat.drop.minecraft.rotten_flesh":5,"stat.pickup.minecraft.crafting_table":6,"stat.useItem.minecraft.cobblestone":3,"stat.craftItem.minecraft.crafting_table":6,"stat.useItem.harvestcraft.pawpawitem":1,"stat.mineBlock.minecraft.double_plant":4,"stat.mineBlock.harvestcraft.pamgooseberry":1,"stat.pickup.minecraft.log":261,"stat.pickup.harvestcraft.hazelnutitem":2,"stat.mineBlock.harvestcraft.pammaple":2,"stat.pickup.minecraft.stone":55,"stat.pickup.minecraft.chicken":4,"stat.pickup.harvestcraft.zucchiniitem":1,"stat.entityKilledBy.icedragon":3,"stat.pickup.minecraft.sapling":14,"stat.pickup.minecraft.wooden_door":3,"stat.pickup.minecraft.apple":2,"stat.killEntity.Skeleton":1,"stat.craftItem.minecraft.bucket":1,"stat.craftItem.minecraft.planks":924,"stat.killEntity.Chicken":4,"stat.pickup.harvestcraft.queenbeeitem":4,"stat.useItem.harvestcraft.avocadoitem":2,"stat.pickup.minecraft.stone_sword":1,"stat.craftItem.minecraft.spruce_fence":12,"stat.mobKills":23,"stat.useItem.minecraft.wooden_pressure_plate":2,"stat.craftItem.minecraft.wooden_door":3,"stat.mineBlock.minecraft.log":259,"stat.pickup.harvestcraft.plumitem":2,"stat.pickup.minecraft.quartz":1,"stat.craftItem.minecraft.fence":6,"stat.craftItem.minecraft.cooked_chicken":4,"stat.useItem.minecraft.stone_hoe":52,"stat.useItem.minecraft.wooden_door":3,"stat.mineBlock.minecraft.leaves":25,"stat.pickup.minecraft.torch":22,"stat.pickup.minecraft.red_flower":1,"stat.pickup.harvestcraft.pearitem":5,"stat.pickup.thaumcraft.brain":1,"stat.pickup.thaumcraft.amber":5,"stat.sneakTime":1400,"stat.pickup.harvestcraft.tealeafitem":1,"stat.pickup.minecraft.wool":7,"stat.useItem.minecraft.wooden_axe":219,"stat.pickup.minecraft.yellow_flower":4,"stat.mineBlock.minecraft.stone":313,"stat.pickup.harvestcraft.avocadoitem":2,"stat.pickup.harvestcraft.gooseberryitem":4}