{"stat.pickup.minecraft.wooden_slab":36,"stat.useItem.harvestcraft.rhubarbitem":1,"stat.leaveGame":5,"stat.mineBlock.ebwizardry.crystal_flower":7,"stat.mineBlock.thaumcraft.ore_quartz":1,"stat.pickup.ebwizardry.spell_book":3,"stat.mineBlock.harvestcraft.beehive":3,"stat.useItem.minecraft.planks":236,"stat.pickup.realistic_minerals.whiteopal":3,"stat.pickup.minecraft.porkchop":16,"stat.useItem.harvestcraft.pearitem":5,"stat.pickup.realistic_minerals.ruby":2,"stat.useItem.minecraft.water_bucket":7,"stat.pickup.minecraft.rotten_flesh":14,"stat.craftItem.minecraft.stone_axe":2,"stat.useItem.harvestcraft.walnutitem":2,"stat.pickup.harvestcraft.sweetpotatoitem":3,"stat.mineBlock.minecraft.wooden_slab":6,"stat.craftItem.minecraft.stone_sword":2,"stat.pickup.harvestcraft.radishitem":4,"stat.mineBlock.realistic_minerals.fluoriteore":2,"stat.mineBlock.realistic_minerals.morganiteore":4,"stat.pickup.harvestcraft.scallionitem":4,"stat.useItem.minecraft.iron_pickaxe":76,"stat.craftItem.minecraft.wooden_pickaxe":5,"stat.pickup.harvestcraft.rhubarbitem":1,"stat.pickup.minecraft.double_plant":1,"stat.craftItem.minecraft.bed":2,"stat.mineBlock.chisel.marble2":4,"stat.pickup.minecraft.wooden_shovel":1,"stat.furnaceInteraction":32,"stat.pickup.harvestcraft.cherryitem":11,"stat.useItem.harvestcraft.leekitem":4,"stat.pickup.harvestcraft.turnipitem":1,"stat.useItem.minecraft.cooked_mutton":13,"stat.mineBlock.realistic_minerals.sapphireore":4,"stat.pickup.realistic_minerals.morganite":4,"stat.useItem.minecraft.fence":5,"stat.drop.harvestcraft.turnipitem":1,"stat.useItem.harvestcraft.blackberryitem":9,"stat.mineBlock.realistic_minerals.whiteopalore":3,"stat.useItem.minecraft.wheat_seeds":9,"stat.pickup.harvestcraft.nutmegitem":5,"stat.pickup.thaumcraft.nugget":1,"stat.entityKilledBy.betteranimalsplus.boar":1,"stat.useItem.harvestcraft.beanitem":2,"stat.deaths":10,"stat.killEntity.betteranimalsplus.songbird":1,"stat.pickup.minecraft.egg":10,"stat.playOneMinute":290428,"stat.craftItem.minecraft.wooden_shovel":4,"stat.craftItem.minecraft.iron_pickaxe":1,"stat.pickup.chisel.marble2":4,"stat.mineBlock.minecraft.tallgrass":79,"stat.craftItem.minecraft.cooked_mutton":13,"stat.chestOpened":28,"stat.pickup.harvestcraft.tomatoitem":20,"stat.craftItem.minecraft.sign":3,"stat.useItem.minecraft.stone":2,"stat.pickup.realistic_minerals.sapphire":5,"stat.pickup.minecraft.arrow":2,"stat.pickup.minecraft.wooden_pressure_plate":4,"stat.pickup.realistic_minerals.fluorite":2,"stat.craftItem.minecraft.coal":15,"stat.useItem.harvestcraft.grilledcheeseitem":5,"stat.pickup.minecraft.cooked_chicken":4,"stat.fallOneCm":72916,"stat.mineBlock.harvestcraft.pamhazelnut":1,"stat.pickup.minecraft.carrot":1,"stat.drop.minecraft.stone_sword":1,"stat.crouchOneCm":7917,"stat.craftItem.minecraft.chest":2,"stat.craftItem.minecraft.iron_ingot":10,"stat.pickup.harvestcraft.walnutitem":2,"stat.craftingTableInteraction":35,"stat.mineBlock.minecraft.wooden_pressure_plate":4,"stat.pickup.iceandfire.silver_ore":4,"stat.pickup.minecraft.wooden_pickaxe":1,"stat.pickup.minecraft.feather":6,"stat.craftItem.minecraft.wooden_sword":4,"stat.pickup.minecraft.dye":25,"stat.pickup.minecraft.planks":65,"stat.mineBlock.minecraft.spruce_fence":5,"stat.pickup.chisel.limestone2":17,"stat.pickup.minecraft.wheat_seeds":14,"stat.pickup.realistic_minerals.amazonite":6,"stat.mineBlock.minecraft.gravel":2,"stat.useItem.minecraft.stone_pickaxe":471,"stat.useItem.minecraft.stone_sword":144,"stat.useItem.harvestcraft.cherryitem":7,"stat.mineBlock.minecraft.dirt":153,"stat.useItem.minecraft.torch":47,"stat.pickup.harvestcraft.maplesyrupitem":2,"stat.useItem.harvestcraft.spiceleafitem":1,"stat.mineBlock.iceandfire.silver_ore":4,"stat.drop.minecraft.rotten_flesh":10,"stat.pickup.minecraft.crafting_table":6,"stat.useItem.minecraft.cobblestone":79,"stat.craftItem.minecraft.crafting_table":6,"stat.mineBlock.minecraft.double_plant":4,"stat.mineBlock.realistic_minerals.rubyore":2,"stat.mineBlock.ebwizardry.crystal_ore":1,"stat.mineBlock.harvestcraft.pamgooseberry":1,"stat.pickup.minecraft.log":261,"stat.pickup.harvestcraft.hazelnutitem":2,"stat.useItem.harvestcraft.sweetpotatoitem":2,"stat.mineBlock.harvestcraft.pammaple":2,"stat.mineBlock.realistic_minerals.blueopalore":8,"stat.drop.minecraft.sapling":1,"stat.pickup.minecraft.chicken":4,"stat.pickup.minecraft.sapling":18,"stat.pickup.minecraft.wooden_door":3,"stat.pickup.minecraft.apple":10,"stat.craftItem.minecraft.bucket":1,"stat.craftItem.minecraft.planks":924,"stat.useItem.minecraft.iron_sword":13,"stat.pickup.minecraft.stone_sword":2,"stat.useItem.minecraft.wooden_pressure_plate":2,"stat.craftItem.minecraft.wooden_door":3,"stat.mineBlock.minecraft.log":259,"stat.craftItem.minecraft.cooked_chicken":4,"stat.useItem.minecraft.stone_hoe":63,"stat.useItem.minecraft.wooden_door":3,"stat.pickup.harvestcraft.juteitem":4,"stat.pickup.minecraft.red_flower":1,"stat.pickup.harvestcraft.pearitem":5,"stat.pickup.thaumcraft.amber":5,"stat.sneakTime":3049,"stat.pickup.harvestcraft.tealeafitem":3,"stat.pickup.minecraft.wool":9,"stat.useItem.minecraft.wooden_axe":219,"stat.pickup.minecraft.yellow_flower":4,"stat.pickup.harvestcraft.avocadoitem":2,"stat.pickup.iceandfire.dragonbone_sword_ice":1,"stat.pickup.harvestcraft.gooseberryitem":4,"stat.mineBlock.thaumcraft.ore_cinnabar":1,"stat.pickup.minecraft.bone":3,"stat.horseOneCm":28677,"stat.useItem.harvestcraft.garlicitem":4,"stat.mineBlock.minecraft.cobblestone":2,"stat.pickup.minecraft.stone_pickaxe":1,"stat.mineBlock.minecraft.yellow_flower":1,"stat.useItem.harvestcraft.tealeafitem":2,"stat.swimOneCm":20420,"stat.climbOneCm":24,"stat.mineBlock.thaumcraft.ore_amber":3,"stat.pickup.realistic_minerals.topaz":1,"stat.useItem.minecraft.dirt":112,"stat.killEntity.betteranimalsplus.boar":3,"stat.useItem.harvestcraft.tomatoitem":13,"stat.useItem.minecraft.stone_slab2":63,"stat.pickup.minecraft.stone_hoe":2,"stat.craftItem.minecraft.furnace":2,"stat.entityKilledBy.myrmex_worker":2,"stat.craftItem.minecraft.stone_pickaxe":7,"stat.pickup.minecraft.cobblestone":342,"stat.useItem.harvestcraft.juteitem":4,"stat.useItem.minecraft.stone_shovel":139,"stat.mineBlock.chisel.limestone2":17,"stat.flyOneCm":444367,"stat.useItem.harvestcraft.whitemushroomitem":4,"stat.useItem.harvestcraft.plumitem":4,"stat.craftItem.minecraft.wooden_slab":96,"stat.pickup.harvestcraft.leekitem":10,"stat.pickup.minecraft.redstone":70,"stat.mineBlock.minecraft.iron_ore":28,"stat.timeSinceDeath":92524,"stat.useItem.minecraft.sign":1,"stat.useItem.minecraft.wooden_slab":97,"stat.pickup.minecraft.mutton":15,"stat.pickup.realistic_minerals.blueopal":8,"stat.pickup.harvestcraft.whitemushroomitem":4,"stat.pickup.harvestcraft.beanitem":2,"stat.pickup.minecraft.spruce_fence":5,"stat.drop.minecraft.dirt":3,"stat.useItem.minecraft.cooked_porkchop":13,"stat.mineBlock.realistic_minerals.fireopalore":5,"stat.pickup.ebwizardry.magic_crystal":3,"stat.mineBlock.minecraft.coal_ore":85,"stat.killEntity.Creeper":1,"stat.craftItem.minecraft.stone_hoe":1,"stat.pickup.minecraft.string":4,"stat.entityKilledBy.Skeleton":1,"stat.craftItem.minecraft.stone_slab2":0,"stat.useItem.minecraft.spruce_fence":15,"stat.sprintOneCm":658823,"stat.pickup.realistic_minerals.fireopal":5,"stat.entityKilledBy.myrmex_soldier":2,"stat.mineBlock.minecraft.stone_slab":1,"stat.craftItem.minecraft.stick":84,"stat.craftItem.minecraft.wooden_axe":5,"stat.mineBlock.harvestcraft.pamwalnut":1,"stat.useItem.minecraft.stone_slab":5,"stat.mineBlock.minecraft.crafting_table":6,"stat.useItem.minecraft.wooden_shovel":33,"stat.craftItem.minecraft.wooden_pressure_plate":4,"stat.mineBlock.minecraft.planks":16,"stat.drop":16,"stat.useItem.minecraft.wooden_sword":25,"stat.killEntity.Sheep":9,"stat.useItem.harvestcraft.zucchiniitem":2,"stat.killEntity.Zombie":13,"stat.pickup.minecraft.snowball":6,"stat.diveOneCm":10535,"stat.pickup.harvestcraft.garlicitem":4,"stat.pickup.minecraft.wheat":4,"stat.pickup.iceandfire.dragonscales_sapphire":64,"stat.killEntity.BrainyZombie":2,"stat.pickup.minecraft.gravel":2,"stat.craftItem.minecraft.cooked_porkchop":13,"stat.pickup.minecraft.stone_axe":1,"stat.useItem.harvestcraft.nutmegitem":3,"stat.useItem.minecraft.apple":3,"stat.useItem.minecraft.porkchop":1,"stat.pickup.harvestcraft.blackberryitem":12,"stat.jump":3012,"stat.pickup.minecraft.coal":85,"stat.useItem.minecraft.stone_axe":94,"stat.mineBlock.harvestcraft.shadedgarden":16,"stat.pickup.minecraft.spider_eye":1,"stat.craftItem.minecraft.torch":36,"stat.pickup.minecraft.dirt":212,"stat.useItem.minecraft.cooked_chicken":4,"stat.pickup.harvestcraft.chestnutitem":7,"stat.pickup.minecraft.iron_ore":28,"stat.pickup.minecraft.stone_shovel":1,"stat.pickup.harvestcraft.grilledcheeseitem":128,"stat.mineBlock.minecraft.lapis_ore":4,"stat.damageTaken":3835,"stat.pickup.minecraft.leather":1,"stat.mineBlock.minecraft.torch":11,"stat.useItem.minecraft.wooden_pickaxe":62,"stat.pickup.harvestcraft.pawpawitem":1,"stat.useItem.harvestcraft.radishitem":4,"stat.pickup.ebwizardry.crystal_flower":7,"stat.pickup.minecraft.reeds":34,"tombstone:undead_killed":10,"stat.entityKilledBy.Zombie":1,"stat.damageDealt":6250,"stat.sleepInBed":4,"stat.useItem.harvestcraft.chestnutitem":7,"stat.mineBlock.harvestcraft.pamspiderweb":2,"stat.killEntity.Pig":4,"stat.craftItem.minecraft.iron_sword":1,"stat.mineBlock.harvestcraft.pampear":1,"stat.craftItem.minecraft.stone_slab":6,"stat.craftItem.minecraft.stone_shovel":1,"stat.walkOneCm":652141,"stat.mineBlock.realistic_minerals.amazoniteore":2,"stat.pickup.minecraft.stick":2,"stat.useItem.harvestcraft.pawpawitem":1,"stat.useItem.minecraft.lava_bucket":1,"stat.mineBlock.realistic_minerals.topazore":1,"stat.useItem.tombstone.gift":2,"stat.pickup.harvestcraft.spiceleafitem":5,"stat.pickup.minecraft.stone":66,"stat.pickup.harvestcraft.zucchiniitem":4,"stat.entityKilledBy.icedragon":3,"stat.killEntity.Skeleton":2,"stat.pickup.thaumcraft.ore_cinnabar":1,"stat.killEntity.Chicken":4,"stat.pickup.harvestcraft.queenbeeitem":4,"stat.killEntity.Spider":1,"stat.useItem.harvestcraft.avocadoitem":2,"stat.craftItem.minecraft.spruce_fence":12,"stat.mobKills":42,"stat.pickup.harvestcraft.plumitem":4,"stat.pickup.minecraft.quartz":1,"stat.craftItem.minecraft.fence":6,"stat.mineBlock.minecraft.leaves":40,"stat.pickup.minecraft.torch":27,"stat.pickup.thaumcraft.brain":1,"stat.mineBlock.minecraft.redstone_ore":15,"stat.mineBlock.minecraft.stone":406}