{"stat.chestOpened":3,"stat.killEntity.BrainyZombie":1,"stat.pickup.minecraft.wooden_slab":6,"stat.craftItem.minecraft.sign":3,"stat.mineBlock.ebwizardry.crystal_flower":6,"stat.craftItem.minecraft.cooked_porkchop":2,"stat.useItem.harvestcraft.nutmegitem":3,"stat.useItem.minecraft.apple":2,"stat.useItem.minecraft.porkchop":1,"stat.craftItem.minecraft.coal":9,"stat.jump":1118,"stat.swimOneCm":9885,"stat.mineBlock.harvestcraft.beehive":2,"stat.fallOneCm":31661,"stat.climbOneCm":24,"stat.useItem.minecraft.planks":197,"stat.mineBlock.harvestcraft.pamhazelnut":1,"stat.mineBlock.thaumcraft.ore_amber":1,"stat.useItem.minecraft.stone_axe":48,"stat.pickup.minecraft.porkchop":3,"stat.crouchOneCm":5616,"stat.mineBlock.harvestcraft.shadedgarden":1,"stat.useItem.harvestcraft.pearitem":5,"stat.craftItem.minecraft.torch":16,"stat.craftItem.minecraft.chest":1,"stat.pickup.minecraft.dirt":64,"stat.useItem.minecraft.dirt":10,"stat.killEntity.betteranimalsplus.boar":1,"stat.useItem.minecraft.stone_slab2":24,"stat.pickup.harvestcraft.chestnutitem":3,"stat.craftingTableInteraction":19,"stat.pickup.minecraft.rotten_flesh":4,"stat.craftItem.minecraft.furnace":1,"stat.pickup.harvestcraft.grilledcheeseitem":64,"stat.craftItem.minecraft.stone_axe":2,"stat.pickup.minecraft.wooden_pickaxe":1,"stat.pickup.harvestcraft.sweetpotatoitem":1,"stat.damageTaken":2340,"stat.pickup.minecraft.leather":1,"stat.pickup.minecraft.feather":5,"stat.craftItem.minecraft.stone_pickaxe":2,"stat.entityKilledBy.myrmex_worker":2,"stat.mineBlock.minecraft.torch":2,"stat.useItem.minecraft.wooden_pickaxe":62,"stat.pickup.harvestcraft.pawpawitem":1,"stat.pickup.minecraft.cobblestone":62,"stat.craftItem.minecraft.wooden_sword":4,"stat.mineBlock.minecraft.wooden_slab":4,"stat.pickup.ebwizardry.crystal_flower":6,"stat.pickup.minecraft.planks":16,"stat.pickup.minecraft.reeds":20,"stat.useItem.minecraft.stone_shovel":44,"stat.craftItem.minecraft.stone_sword":2,"stat.flyOneCm":161234,"stat.pickup.minecraft.wheat_seeds":8,"stat.useItem.minecraft.stone_pickaxe":1,"stat.useItem.harvestcraft.plumitem":2,"stat.craftItem.minecraft.wooden_slab":42,"stat.useItem.minecraft.stone_sword":28,"stat.damageDealt":2304,"stat.sleepInBed":2,"stat.timeSinceDeath":45745,"stat.useItem.harvestcraft.cherryitem":1,"stat.useItem.harvestcraft.chestnutitem":3,"stat.mineBlock.harvestcraft.pamspiderweb":2,"stat.mineBlock.minecraft.dirt":64,"stat.useItem.minecraft.sign":1,"stat.craftItem.minecraft.wooden_pickaxe":5,"stat.killEntity.Pig":1,"stat.useItem.minecraft.wooden_slab":45,"stat.pickup.minecraft.mutton":12,"stat.mineBlock.harvestcraft.pampear":1,"stat.craftItem.minecraft.stone_shovel":1,"stat.walkOneCm":243872,"stat.craftItem.minecraft.bed":2,"stat.useItem.minecraft.torch":8,"stat.pickup.harvestcraft.maplesyrupitem":2,"stat.drop.minecraft.rotten_flesh":4,"stat.pickup.minecraft.crafting_table":6,"stat.craftItem.minecraft.crafting_table":6,"stat.furnaceInteraction":11,"stat.drop.minecraft.dirt":1,"stat.useItem.harvestcraft.pawpawitem":1,"stat.pickup.harvestcraft.cherryitem":2,"stat.mineBlock.minecraft.double_plant":4,"stat.mineBlock.harvestcraft.pamgooseberry":1,"stat.pickup.minecraft.log":228,"stat.pickup.minecraft.string":2,"stat.pickup.harvestcraft.hazelnutitem":2,"stat.mineBlock.harvestcraft.pammaple":2,"stat.useItem.minecraft.cooked_mutton":8,"stat.entityKilledBy.Skeleton":1,"stat.pickup.minecraft.chicken":4,"stat.useItem.minecraft.spruce_fence":5,"stat.pickup.harvestcraft.zucchiniitem":1,"stat.entityKilledBy.icedragon":3,"stat.pickup.minecraft.sapling":14,"stat.sprintOneCm":271039,"stat.pickup.minecraft.wooden_door":2,"stat.entityKilledBy.myrmex_soldier":2,"stat.pickup.minecraft.apple":2,"stat.useItem.minecraft.fence":5,"stat.craftItem.minecraft.stick":60,"stat.craftItem.minecraft.wooden_axe":5,"stat.mineBlock.harvestcraft.pamwalnut":1,"stat.craftItem.minecraft.planks":816,"stat.killEntity.Chicken":4,"stat.pickup.harvestcraft.queenbeeitem":2,"stat.mineBlock.minecraft.crafting_table":6,"stat.useItem.harvestcraft.avocadoitem":2,"stat.pickup.harvestcraft.nutmegitem":3,"stat.craftItem.minecraft.spruce_fence":6,"stat.useItem.minecraft.wooden_shovel":33,"stat.mobKills":18,"stat.mineBlock.minecraft.log":225,"stat.craftItem.minecraft.wooden_door":3,"stat.pickup.harvestcraft.plumitem":2,"stat.craftItem.minecraft.fence":6,"stat.useItem.minecraft.wooden_door":3,"stat.deaths":8,"stat.mineBlock.minecraft.planks":16,"stat.drop":5,"stat.mineBlock.minecraft.leaves":21,"stat.pickup.minecraft.egg":5,"stat.playOneMinute":103295,"stat.craftItem.minecraft.wooden_shovel":4,"stat.useItem.minecraft.wooden_sword":25,"stat.pickup.minecraft.torch":2,"stat.killEntity.Sheep":7,"stat.pickup.minecraft.red_flower":1,"stat.pickup.harvestcraft.pearitem":5,"stat.pickup.thaumcraft.brain":1,"stat.pickup.harvestcraft.tealeafitem":1,"stat.sneakTime":1337,"stat.pickup.thaumcraft.amber":1,"stat.pickup.minecraft.wool":7,"stat.killEntity.Zombie":4,"stat.pickup.minecraft.snowball":6,"stat.useItem.minecraft.wooden_axe":219,"stat.mineBlock.minecraft.stone":62,"stat.mineBlock.minecraft.tallgrass":48,"stat.pickup.harvestcraft.avocadoitem":2,"stat.craftItem.minecraft.cooked_mutton":11,"stat.diveOneCm":4267,"stat.pickup.harvestcraft.gooseberryitem":4}