{"stat.walkOneCm":53166,"stat.killEntity.BrainyZombie":1,"stat.mineBlock.ebwizardry.crystal_flower":4,"stat.pickup.minecraft.crafting_table":3,"stat.craftItem.minecraft.crafting_table":3,"stat.mineBlock.harvestcraft.pamgooseberry":1,"stat.pickup.minecraft.log":96,"stat.pickup.minecraft.string":2,"stat.pickup.harvestcraft.hazelnutitem":2,"stat.jump":340,"stat.swimOneCm":2269,"stat.mineBlock.harvestcraft.beehive":2,"stat.fallOneCm":8431,"stat.mineBlock.harvestcraft.pamhazelnut":1,"stat.mineBlock.thaumcraft.ore_amber":1,"stat.crouchOneCm":1662,"stat.mineBlock.harvestcraft.shadedgarden":1,"stat.pickup.harvestcraft.zucchiniitem":1,"stat.entityKilledBy.icedragon":3,"stat.pickup.minecraft.sapling":5,"stat.pickup.minecraft.dirt":1,"stat.sprintOneCm":63708,"stat.useItem.minecraft.stone_slab2":4,"stat.craftItem.minecraft.wooden_axe":2,"stat.craftItem.minecraft.stick":20,"stat.craftingTableInteraction":4,"stat.pickup.harvestcraft.grilledcheeseitem":64,"stat.craftItem.minecraft.planks":384,"stat.craftItem.minecraft.stone_axe":1,"stat.pickup.harvestcraft.queenbeeitem":2,"stat.mineBlock.minecraft.crafting_table":3,"stat.pickup.harvestcraft.sweetpotatoitem":1,"stat.damageTaken":880,"stat.craftItem.minecraft.stone_pickaxe":1,"stat.useItem.minecraft.wooden_pickaxe":9,"stat.useItem.minecraft.wooden_shovel":4,"stat.mobKills":1,"stat.pickup.minecraft.cobblestone":9,"stat.craftItem.minecraft.wooden_sword":2,"stat.mineBlock.minecraft.log":96,"stat.pickup.ebwizardry.crystal_flower":4,"stat.pickup.minecraft.reeds":10,"stat.craftItem.minecraft.stone_sword":1,"stat.flyOneCm":36763,"stat.deaths":3,"stat.mineBlock.minecraft.leaves":8,"stat.playOneMinute":27695,"stat.craftItem.minecraft.wooden_shovel":2,"stat.useItem.minecraft.wooden_sword":8,"stat.useItem.minecraft.stone_pickaxe":1,"stat.pickup.minecraft.red_flower":1,"stat.sneakTime":378,"stat.pickup.harvestcraft.tealeafitem":1,"stat.useItem.minecraft.stone_sword":1,"stat.pickup.thaumcraft.amber":1,"stat.damageDealt":313,"stat.timeSinceDeath":12670,"stat.pickup.minecraft.snowball":3,"stat.useItem.minecraft.wooden_axe":95,"stat.mineBlock.harvestcraft.pamspiderweb":2,"stat.craftItem.minecraft.wooden_pickaxe":2,"stat.mineBlock.minecraft.stone":9,"stat.mineBlock.minecraft.tallgrass":1,"stat.diveOneCm":2460,"stat.pickup.harvestcraft.gooseberryitem":4}