{"stat.pickup.minecraft.bone":5,"stat.useItem.minecraft.iron_axe":119,"stat.leaveGame":6,"stat.mineBlock.ebwizardry.crystal_flower":5,"stat.mineBlock.minecraft.cobblestone":9,"stat.mineBlock.thaumcraft.ore_quartz":5,"stat.craftItem.tombstone.grave_key":1,"stat.craftItem.minecraft.iron_axe":1,"stat.swimOneCm":48733,"stat.mineBlock.thaumcraft.ore_amber":4,"stat.useItem.minecraft.stone_slab2":47,"stat.useItem.minecraft.water_bucket":18,"stat.pickup.minecraft.rotten_flesh":1,"stat.craftItem.minecraft.furnace":2,"stat.killEntity.artifacts.mimic":2,"stat.useItem.minecraft.egg":1,"stat.craftItem.minecraft.stone_axe":1,"stat.craftItem.minecraft.iron_boots":1,"stat.craftItem.minecraft.stone_pickaxe":5,"stat.pickup.minecraft.cobblestone":2717,"stat.entityKilledBy.artifacts.mimic":1,"stat.flyOneCm":759640,"stat.entityKilledBy.firedragon":1,"stat.pickup.minecraft.redstone":196,"stat.mineBlock.minecraft.iron_ore":115,"stat.timeSinceDeath":44028,"stat.useItem.minecraft.iron_pickaxe":1001,"stat.craftItem.minecraft.wooden_pickaxe":1,"stat.craftItem.ebwizardry.magic_crystal":12,"stat.craftItem.minecraft.bed":2,"stat.furnaceInteraction":34,"stat.pickup.ebwizardry.magic_crystal":52,"stat.mineBlock.minecraft.coal_ore":102,"stat.killEntity.Creeper":1,"stat.pickup.minecraft.furnace":6,"stat.pickup.tombstone.crafting_ingredient":1,"stat.craftItem.minecraft.stone_slab2":0,"stat.sprintOneCm":246756,"stat.craftItem.minecraft.stick":28,"stat.mineBlock.minecraft.diamond_ore":6,"stat.pickup.thaumcraft.crystal_essence":126,"stat.mineBlock.minecraft.crafting_table":6,"stat.pickup.thaumcraft.nugget":1,"stat.useItem.minecraft.diamond_pickaxe":167,"stat.waystones:waystonesActivated":1,"stat.deaths":2,"stat.drop":4,"stat.pickup.minecraft.egg":1,"stat.mineBlock.thaumcraft.crystal_aqua":8,"stat.playOneMinute":216361,"stat.craftItem.minecraft.iron_pickaxe":5,"stat.killEntity.Zombie":2,"stat.pickup.artifacts.bottled_cloud":1,"stat.mineBlock.minecraft.gold_ore":10,"stat.mineBlock.minecraft.tallgrass":10,"stat.diveOneCm":17997,"stat.chestOpened":1,"stat.useItem.minecraft.stone":18,"stat.pickup.thaumcraft.curio":1,"stat.pickup.minecraft.gravel":26,"stat.pickup.minecraft.arrow":2,"stat.pickup.minecraft.stone_axe":1,"stat.jump":2144,"stat.pickup.minecraft.coal":138,"stat.fallOneCm":59828,"stat.pickup.minecraft.iron_ingot":6,"stat.pickup.minecraft.carrot":6,"stat.crouchOneCm":1324,"stat.craftItem.minecraft.iron_ingot":57,"stat.craftItem.minecraft.torch":4,"stat.craftItem.minecraft.chest":2,"stat.pickup.minecraft.dirt":81,"stat.craftItem.minecraft.iron_helmet":1,"stat.craftingTableInteraction":18,"stat.pickup.minecraft.iron_ore":115,"stat.pickup.minecraft.gold_ore":9,"stat.useItem.minecraft.sapling":3,"stat.mineBlock.minecraft.lapis_ore":8,"stat.damageTaken":2136,"stat.mineBlock.minecraft.torch":8,"stat.mineBlock.minecraft.furnace":6,"stat.pickup.minecraft.written_book":1,"stat.useItem.minecraft.wooden_pickaxe":59,"stat.useItem.minecraft.furnace":2,"stat.pickup.ebwizardry.crystal_flower":6,"stat.pickup.minecraft.dye":52,"stat.pickup.minecraft.bed":7,"stat.pickup.artifacts.thorn_pendant":1,"tombstone:undead_killed":4,"stat.useItem.tombstone.grave_key":1,"stat.pickup.minecraft.wheat_seeds":1,"stat.pickup.minecraft.potato":19,"stat.mineBlock.minecraft.gravel":15,"stat.useItem.minecraft.stone_pickaxe":655,"stat.craftItem.minecraft.iron_leggings":1,"stat.damageDealt":1857,"stat.sleepInBed":6,"stat.mineBlock.minecraft.dirt":47,"stat.walkOneCm":201868,"stat.useItem.minecraft.torch":20,"stat.useItem.minecraft.chest":1,"stat.pickup.minecraft.stick":1,"stat.drop.tombstone.crafting_ingredient":1,"stat.drop.minecraft.rotten_flesh":1,"stat.pickup.minecraft.crafting_table":6,"stat.useItem.minecraft.cobblestone":133,"stat.craftItem.minecraft.crafting_table":1,"stat.mineBlock.minecraft.double_plant":1,"stat.mineBlock.thaumcraft.crystal_aer":12,"stat.mineBlock.ebwizardry.crystal_ore":24,"stat.pickup.minecraft.log":83,"stat.useItem.tombstone.gift":1,"stat.craftItem.minecraft.gold_ingot":9,"stat.pickup.minecraft.stone":111,"stat.craftItem.minecraft.iron_chestplate":1,"stat.mineBlock.minecraft.wool":6,"stat.useItem.harvestcraft.toastsandwichitem":23,"stat.pickup.minecraft.sapling":6,"stat.mineBlock.thaumcraft.crystal_ignis":5,"stat.pickup.minecraft.apple":1,"stat.killEntity.Skeleton":2,"stat.pickup.thaumcraft.ore_cinnabar":7,"stat.craftItem.minecraft.bucket":1,"stat.craftItem.minecraft.planks":44,"stat.mineBlock.thaumcraft.crystal_ordo":1,"stat.killEntity.Spider":1,"stat.mobKills":10,"stat.drop.thaumcraft.crystal_essence":2,"stat.mineBlock.minecraft.log":83,"stat.pickup.minecraft.quartz":5,"stat.pickup.minecraft.diamond":6,"stat.mineBlock.minecraft.leaves":2,"stat.pickup.minecraft.torch":46,"stat.mineBlock.minecraft.redstone_ore":33,"stat.sneakTime":946,"stat.pickup.thaumcraft.amber":5,"stat.pickup.minecraft.wool":6,"stat.mineBlock.thaumcraft.crystal_perditio":11,"stat.mineBlock.minecraft.stone":1562,"stat.mineBlock.thaumcraft.ore_cinnabar":3}