{"stat.flyOneCm":7751,"stat.walkOneCm":2674,"stat.swimOneCm":828,"stat.jump":27,"stat.playOneMinute":5713,"stat.fallOneCm":209,"stat.mineBlock.minecraft.gravel":2,"stat.leaveGame":2,"stat.sneakTime":157,"stat.useItem.minecraft.diamond_pickaxe":167,"stat.crouchOneCm":298,"stat.timeSinceDeath":5713,"stat.pickup.minecraft.dirt":10,"stat.pickup.minecraft.cobblestone":148,"stat.sprintOneCm":2236,"stat.mineBlock.minecraft.dirt":10,"stat.useItem.minecraft.stone_slab2":9,"stat.mineBlock.minecraft.stone":164,"stat.diveOneCm":4310}