{"stat.pickup.minecraft.bone":5,"stat.useItem.minecraft.iron_axe":27,"stat.leaveGame":4,"stat.mineBlock.ebwizardry.crystal_flower":5,"stat.mineBlock.minecraft.cobblestone":8,"stat.mineBlock.thaumcraft.ore_quartz":4,"stat.craftItem.tombstone.grave_key":1,"stat.craftItem.minecraft.iron_axe":1,"stat.swimOneCm":15312,"stat.mineBlock.thaumcraft.ore_amber":4,"stat.useItem.minecraft.stone_slab2":33,"stat.useItem.minecraft.water_bucket":4,"stat.pickup.minecraft.rotten_flesh":1,"stat.craftItem.minecraft.furnace":2,"stat.killEntity.artifacts.mimic":1,"stat.useItem.minecraft.egg":1,"stat.craftItem.minecraft.stone_axe":1,"stat.craftItem.minecraft.iron_boots":1,"stat.craftItem.minecraft.stone_pickaxe":5,"stat.pickup.minecraft.cobblestone":2516,"stat.entityKilledBy.artifacts.mimic":1,"stat.flyOneCm":95680,"stat.pickup.minecraft.redstone":196,"stat.mineBlock.minecraft.iron_ore":96,"stat.timeSinceDeath":30885,"stat.useItem.minecraft.iron_pickaxe":776,"stat.craftItem.minecraft.wooden_pickaxe":1,"stat.craftItem.minecraft.bed":2,"stat.furnaceInteraction":27,"stat.pickup.ebwizardry.magic_crystal":41,"stat.mineBlock.minecraft.coal_ore":102,"stat.pickup.minecraft.furnace":4,"stat.pickup.tombstone.crafting_ingredient":1,"stat.craftItem.minecraft.stone_slab2":0,"stat.sprintOneCm":58810,"stat.craftItem.minecraft.stick":28,"stat.mineBlock.minecraft.diamond_ore":6,"stat.pickup.thaumcraft.crystal_essence":121,"stat.mineBlock.minecraft.crafting_table":5,"stat.pickup.thaumcraft.nugget":1,"stat.useItem.minecraft.diamond_pickaxe":167,"stat.waystones:waystonesActivated":1,"stat.deaths":1,"stat.drop":1,"stat.pickup.minecraft.egg":1,"stat.mineBlock.thaumcraft.crystal_aqua":8,"stat.playOneMinute":86174,"stat.craftItem.minecraft.iron_pickaxe":5,"stat.killEntity.Zombie":1,"stat.mineBlock.minecraft.gold_ore":4,"stat.mineBlock.minecraft.tallgrass":3,"stat.diveOneCm":10855,"stat.useItem.minecraft.stone":18,"stat.pickup.thaumcraft.curio":1,"stat.pickup.minecraft.gravel":26,"stat.pickup.minecraft.arrow":2,"stat.pickup.minecraft.stone_axe":1,"stat.jump":663,"stat.pickup.minecraft.coal":138,"stat.fallOneCm":12744,"stat.pickup.minecraft.iron_ingot":6,"stat.pickup.minecraft.carrot":6,"stat.crouchOneCm":1213,"stat.craftItem.minecraft.iron_ingot":43,"stat.craftItem.minecraft.torch":4,"stat.pickup.minecraft.dirt":78,"stat.craftItem.minecraft.iron_helmet":1,"stat.craftingTableInteraction":15,"stat.pickup.minecraft.iron_ore":96,"stat.pickup.minecraft.gold_ore":3,"stat.mineBlock.minecraft.lapis_ore":2,"stat.damageTaken":986,"stat.mineBlock.minecraft.torch":7,"stat.mineBlock.minecraft.furnace":4,"stat.useItem.minecraft.wooden_pickaxe":59,"stat.useItem.minecraft.furnace":1,"stat.pickup.ebwizardry.crystal_flower":6,"stat.pickup.minecraft.dye":15,"stat.pickup.minecraft.bed":1,"stat.pickup.artifacts.thorn_pendant":1,"tombstone:undead_killed":3,"stat.useItem.tombstone.grave_key":1,"stat.pickup.minecraft.potato":19,"stat.mineBlock.minecraft.gravel":15,"stat.useItem.minecraft.stone_pickaxe":655,"stat.craftItem.minecraft.iron_leggings":1,"stat.damageDealt":1041,"stat.sleepInBed":1,"stat.mineBlock.minecraft.dirt":27,"stat.walkOneCm":129847,"stat.useItem.minecraft.torch":18,"stat.drop.minecraft.rotten_flesh":1,"stat.pickup.minecraft.crafting_table":5,"stat.useItem.minecraft.cobblestone":111,"stat.craftItem.minecraft.crafting_table":1,"stat.mineBlock.minecraft.double_plant":1,"stat.mineBlock.thaumcraft.crystal_aer":12,"stat.mineBlock.ebwizardry.crystal_ore":19,"stat.pickup.minecraft.log":11,"stat.useItem.tombstone.gift":1,"stat.craftItem.minecraft.gold_ingot":3,"stat.pickup.minecraft.stone":111,"stat.craftItem.minecraft.iron_chestplate":1,"stat.mineBlock.minecraft.wool":6,"stat.useItem.harvestcraft.toastsandwichitem":9,"stat.mineBlock.thaumcraft.crystal_ignis":5,"stat.killEntity.Skeleton":2,"stat.pickup.thaumcraft.ore_cinnabar":6,"stat.craftItem.minecraft.bucket":1,"stat.craftItem.minecraft.planks":44,"stat.mobKills":5,"stat.mineBlock.minecraft.log":11,"stat.pickup.minecraft.quartz":4,"stat.pickup.minecraft.diamond":6,"stat.pickup.minecraft.torch":44,"stat.mineBlock.minecraft.redstone_ore":33,"stat.sneakTime":844,"stat.pickup.thaumcraft.amber":5,"stat.pickup.minecraft.wool":6,"stat.mineBlock.thaumcraft.crystal_perditio":11,"stat.mineBlock.minecraft.stone":1377,"stat.mineBlock.thaumcraft.ore_cinnabar":2}