{"stat.leaveGame":8,"stat.mineBlock.ebwizardry.crystal_flower":5,"stat.mineBlock.thaumcraft.ore_quartz":14,"stat.craftItem.minecraft.iron_axe":1,"stat.craftItem.minecraft.shield":1,"stat.pickup.harvestcraft.calamarirawitem":1,"stat.useItem.minecraft.water_bucket":35,"stat.pickup.minecraft.rotten_flesh":2,"stat.craftItem.minecraft.stone_axe":1,"stat.pickup.harvestcraft.wintersquashitem":2,"stat.entityKilledBy.artifacts.mimic":1,"stat.craftItem.minecraft.iron_shovel":8,"stat.entityKilledBy.firedragon":1,"stat.useItem.minecraft.iron_pickaxe":3955,"stat.craftItem.minecraft.wooden_pickaxe":1,"stat.useItem.minecraft.iron_shovel":1780,"stat.craftItem.minecraft.bed":2,"stat.pickup.harvestcraft.onionitem":4,"stat.furnaceInteraction":128,"stat.pickup.harvestcraft.cornitem":6,"stat.pickup.minecraft.furnace":6,"stat.mineBlock.harvestcraft.windygarden":1,"stat.pickup.thaumcraft.crystal_essence":133,"stat.pickup.thaumcraft.nugget":1,"stat.deaths":2,"stat.pickup.minecraft.egg":1,"stat.playOneMinute":399491,"stat.craftItem.minecraft.iron_pickaxe":18,"stat.mineBlock.minecraft.tallgrass":20,"stat.chestOpened":55,"stat.useItem.minecraft.stone":38,"stat.pickup.minecraft.arrow":3,"stat.pickup.harvestcraft.chilipepperitem":8,"stat.useItem.minecraft.experience_bottle":1,"stat.fallOneCm":70416,"stat.pickup.minecraft.carrot":10,"stat.crouchOneCm":3695,"stat.craftItem.minecraft.iron_ingot":168,"stat.craftItem.minecraft.chest":8,"stat.craftingTableInteraction":40,"stat.useItem.minecraft.furnace":3,"stat.pickup.minecraft.dye":85,"stat.pickup.minecraft.wheat_seeds":34,"stat.mineBlock.minecraft.gravel":15,"stat.useItem.minecraft.stone_pickaxe":655,"stat.craftItem.minecraft.iron_leggings":1,"stat.mineBlock.minecraft.dirt":1882,"stat.useItem.minecraft.torch":44,"stat.drop.tombstone.crafting_ingredient":1,"stat.drop.minecraft.rotten_flesh":1,"stat.pickup.minecraft.crafting_table":6,"stat.useItem.minecraft.cobblestone":167,"stat.craftItem.minecraft.crafting_table":3,"stat.mineBlock.minecraft.double_plant":1,"stat.mineBlock.thaumcraft.crystal_aer":12,"stat.mineBlock.ebwizardry.crystal_ore":55,"stat.pickup.minecraft.log":83,"stat.mineBlock.thaumcraft.crystal_terra":2,"stat.craftItem.minecraft.gold_ingot":13,"stat.pickup.artifacts.magma_stone":1,"stat.pickup.minecraft.sapling":6,"stat.pickup.minecraft.apple":1,"stat.pickup.harvestcraft.parsnipitem":4,"stat.craftItem.minecraft.bucket":1,"stat.craftItem.minecraft.planks":332,"stat.mineBlock.thaumcraft.crystal_ordo":1,"stat.drop.thaumcraft.crystal_essence":2,"stat.useItem.minecraft.stonebrick":847,"stat.mineBlock.minecraft.log":83,"stat.pickup.minecraft.red_flower":2,"stat.sneakTime":1615,"stat.pickup.thaumcraft.amber":5,"stat.pickup.minecraft.wool":6,"stat.mineBlock.thaumcraft.crystal_perditio":11,"stat.drop.minecraft.wooden_axe":1,"stat.mineBlock.thaumcraft.ore_cinnabar":4,"stat.pickup.minecraft.bone":5,"stat.useItem.minecraft.iron_axe":166,"stat.mineBlock.minecraft.cobblestone":9,"stat.craftItem.tombstone.grave_key":1,"stat.swimOneCm":92531,"stat.pickup.harvestcraft.artichokeitem":3,"stat.mineBlock.thaumcraft.ore_amber":4,"stat.useItem.minecraft.dirt":344,"stat.useItem.minecraft.stone_slab2":96,"stat.craftItem.minecraft.furnace":5,"stat.killEntity.artifacts.mimic":3,"stat.useItem.minecraft.egg":1,"stat.craftItem.minecraft.iron_boots":1,"stat.craftItem.minecraft.stone_pickaxe":5,"stat.pickup.minecraft.cobblestone":4704,"stat.flyOneCm":896243,"stat.pickup.minecraft.redstone":230,"stat.mineBlock.minecraft.iron_ore":305,"stat.timeSinceDeath":227158,"stat.craftItem.ebwizardry.magic_crystal":12,"stat.craftItem.minecraft.stonebrick":864,"stat.pickup.ebwizardry.magic_crystal":126,"stat.mineBlock.minecraft.coal_ore":514,"stat.killEntity.Creeper":1,"stat.pickup.tombstone.crafting_ingredient":2,"stat.craftItem.minecraft.stone_slab2":0,"stat.useItem.iceandfire.dragonsteel_fire_axe":10,"stat.killEntity.Squid":1,"stat.sprintOneCm":370792,"stat.craftItem.minecraft.stick":76,"stat.craftItem.minecraft.stone":864,"stat.mineBlock.minecraft.diamond_ore":13,"stat.pickup.harvestcraft.barleyitem":3,"stat.mineBlock.minecraft.crafting_table":6,"stat.useItem.minecraft.diamond_pickaxe":167,"stat.waystones:waystonesActivated":1,"stat.pickup.harvestcraft.mustardseedsitem":2,"stat.drop":5,"stat.mineBlock.thaumcraft.crystal_aqua":8,"stat.killEntity.Zombie":9,"stat.pickup.artifacts.bottled_cloud":1,"stat.mineBlock.minecraft.gold_ore":14,"stat.diveOneCm":23228,"stat.pickup.minecraft.wheat":2,"stat.killEntity.BrainyZombie":2,"stat.pickup.thaumcraft.curio":1,"stat.pickup.minecraft.gravel":26,"stat.pickup.minecraft.stone_axe":1,"stat.jump":2946,"stat.pickup.minecraft.coal":639,"stat.pickup.minecraft.iron_ingot":6,"stat.pickup.harvestcraft.peanutitem":9,"stat.craftItem.minecraft.torch":32,"stat.pickup.minecraft.dirt":1666,"stat.craftItem.minecraft.iron_helmet":1,"stat.pickup.harvestcraft.bellpepperitem":2,"stat.pickup.minecraft.iron_ore":298,"stat.pickup.minecraft.gold_ore":13,"stat.useItem.minecraft.sapling":3,"stat.mineBlock.minecraft.lapis_ore":14,"stat.damageTaken":2814,"stat.mineBlock.minecraft.torch":9,"stat.mineBlock.minecraft.furnace":6,"stat.pickup.minecraft.written_book":1,"stat.useItem.minecraft.wooden_pickaxe":59,"stat.pickup.ebwizardry.crystal_flower":6,"stat.pickup.minecraft.bed":7,"stat.pickup.artifacts.thorn_pendant":1,"tombstone:undead_killed":17,"stat.useItem.tombstone.grave_key":1,"stat.pickup.minecraft.potato":22,"stat.damageDealt":7060,"stat.sleepInBed":12,"stat.pickup.harvestcraft.lettuceitem":6,"stat.pickup.harvestcraft.elderberryitem":3,"stat.walkOneCm":511210,"stat.useItem.minecraft.chest":5,"stat.pickup.minecraft.stick":1,"stat.useItem.tombstone.gift":1,"stat.pickup.minecraft.stone":419,"stat.craftItem.minecraft.iron_chestplate":1,"stat.mineBlock.minecraft.wool":6,"stat.useItem.harvestcraft.toastsandwichitem":36,"stat.mineBlock.thaumcraft.crystal_ignis":5,"stat.killEntity.Skeleton":6,"stat.pickup.thaumcraft.ore_cinnabar":7,"stat.pickup.harvestcraft.amaranthitem":3,"stat.pickup.harvestcraft.cucumberitem":2,"stat.killEntity.Spider":1,"stat.pickup.harvestcraft.strawberryitem":2,"stat.mobKills":26,"stat.pickup.minecraft.quartz":14,"stat.pickup.minecraft.diamond":13,"stat.mineBlock.minecraft.leaves":2,"stat.pickup.minecraft.torch":47,"stat.mineBlock.minecraft.redstone_ore":39,"stat.craftItem.thaumcraft.quicksilver":3,"stat.killEntity.firedragon":1,"stat.mineBlock.minecraft.stone":3861}