{"stat.leaveGame":16,"stat.mineBlock.ebwizardry.crystal_flower":5,"stat.mineBlock.thaumcraft.ore_quartz":19,"stat.craftItem.minecraft.iron_axe":2,"stat.pickup.tombstone.familiar_stone":1,"stat.craftItem.minecraft.shield":1,"stat.pickup.harvestcraft.calamarirawitem":1,"stat.useItem.minecraft.water_bucket":65,"stat.mineBlock.minecraft.stone_brick_stairs":19,"stat.pickup.minecraft.rotten_flesh":13,"stat.pickup.minecraft.sand":232,"stat.craftItem.minecraft.stone_axe":1,"stat.pickup.minecraft.bucket":1,"stat.pickup.harvestcraft.wintersquashitem":2,"stat.entityKilledBy.artifacts.mimic":1,"stat.craftItem.minecraft.iron_shovel":10,"stat.entityKilledBy.firedragon":2,"stat.mineBlock.minecraft.sand":232,"stat.useItem.minecraft.iron_pickaxe":6079,"stat.craftItem.minecraft.wooden_pickaxe":1,"stat.useItem.minecraft.iron_shovel":2205,"stat.craftItem.minecraft.bed":2,"stat.pickup.harvestcraft.onionitem":4,"stat.furnaceInteraction":238,"stat.pickup.harvestcraft.cornitem":6,"stat.pickup.minecraft.furnace":6,"stat.mineBlock.harvestcraft.windygarden":1,"stat.useItem.minecraft.stained_glass":70,"stat.pickup.tombstone.magic_scroll":2,"stat.killEntity.Horse":1,"stat.pickup.thaumcraft.crystal_essence":133,"stat.pickup.thaumcraft.nugget":4,"stat.useItem.harvestcraft.bolognasandwichitem":1,"stat.deaths":9,"stat.pickup.minecraft.egg":1,"stat.playOneMinute":836797,"stat.craftItem.minecraft.iron_pickaxe":27,"stat.mineBlock.minecraft.tallgrass":24,"stat.chestOpened":157,"stat.pickup.minecraft.pumpkin":1,"stat.useItem.minecraft.stone":38,"stat.pickup.minecraft.arrow":31,"stat.pickup.harvestcraft.chilipepperitem":8,"stat.useItem.minecraft.experience_bottle":1,"stat.fallOneCm":155781,"stat.pickup.minecraft.carrot":10,"stat.crouchOneCm":12368,"stat.craftItem.minecraft.iron_ingot":285,"stat.craftItem.minecraft.chest":14,"stat.craftingTableInteraction":72,"stat.useItem.minecraft.furnace":3,"stat.useItem.minecraft.reeds":24,"stat.pickup.minecraft.dye":136,"stat.pickup.minecraft.planks":1,"stat.pickup.minecraft.wheat_seeds":42,"stat.mineBlock.minecraft.gravel":15,"stat.useItem.minecraft.stone_pickaxe":655,"stat.craftItem.minecraft.iron_leggings":1,"stat.mineBlock.minecraft.dirt":2070,"stat.drop.minecraft.iron_axe":1,"stat.useItem.minecraft.torch":193,"stat.drop.tombstone.crafting_ingredient":1,"stat.drop.minecraft.rotten_flesh":1,"stat.pickup.minecraft.crafting_table":6,"stat.useItem.minecraft.cobblestone":1011,"stat.craftItem.minecraft.crafting_table":5,"stat.mineBlock.minecraft.double_plant":1,"stat.mineBlock.thaumcraft.crystal_aer":12,"stat.craftItem.minecraft.boat":1,"stat.mineBlock.ebwizardry.crystal_ore":58,"stat.pickup.minecraft.log":83,"stat.mineBlock.thaumcraft.crystal_terra":2,"stat.craftItem.minecraft.gold_ingot":34,"stat.pickup.artifacts.magma_stone":1,"stat.pickup.minecraft.sapling":6,"stat.pickup.minecraft.wooden_door":1,"stat.pickup.minecraft.apple":1,"stat.pickup.harvestcraft.parsnipitem":4,"stat.craftItem.minecraft.bucket":2,"stat.craftItem.minecraft.planks":332,"stat.mineBlock.thaumcraft.crystal_ordo":1,"stat.drop.thaumcraft.crystal_essence":2,"stat.useItem.minecraft.stonebrick":1910,"stat.mineBlock.minecraft.log":83,"stat.craftItem.minecraft.wooden_door":3,"stat.useItem.minecraft.wooden_door":3,"stat.craftItem.minecraft.paper":39,"stat.pickup.minecraft.red_flower":2,"stat.sneakTime":3251,"stat.pickup.thaumcraft.amber":8,"stat.pickup.minecraft.wool":6,"stat.mineBlock.thaumcraft.crystal_perditio":11,"stat.pickup.minecraft.stone_slab":9,"stat.drop.minecraft.wooden_axe":1,"stat.mineBlock.thaumcraft.ore_cinnabar":4,"stat.craftItem.minecraft.enchanting_table":1,"stat.pickup.minecraft.bone":18,"stat.useItem.minecraft.iron_axe":252,"stat.mineBlock.minecraft.cobblestone":145,"stat.mineBlock.minecraft.pumpkin":1,"stat.craftItem.tombstone.grave_key":2,"stat.craftItem.minecraft.stone_brick_stairs":64,"stat.swimOneCm":120948,"stat.pickup.harvestcraft.artichokeitem":3,"stat.climbOneCm":13144,"stat.mineBlock.thaumcraft.ore_amber":6,"stat.useItem.minecraft.dirt":371,"stat.pickup.minecraft.golden_helmet":1,"stat.useItem.minecraft.stone_slab2":155,"stat.pickup.minecraft.bow":2,"stat.craftItem.minecraft.furnace":5,"stat.killEntity.artifacts.mimic":3,"stat.useItem.minecraft.egg":1,"stat.craftItem.minecraft.iron_boots":1,"stat.craftItem.minecraft.stone_pickaxe":5,"stat.mineBlock.minecraft.obsidian":14,"stat.pickup.minecraft.cobblestone":6569,"stat.mineBlock.minecraft.clay":13,"stat.flyOneCm":1552929,"stat.craftItem.minecraft.stained_glass":112,"stat.pickup.minecraft.redstone":230,"stat.mineBlock.minecraft.iron_ore":429,"stat.craftItem.minecraft.book":4,"stat.timeSinceDeath":8222,"stat.craftItem.ebwizardry.magic_crystal":12,"stat.craftItem.minecraft.stonebrick":2098,"stat.pickup.minecraft.stonebrick":61,"stat.pickup.ebwizardry.magic_crystal":132,"stat.mineBlock.minecraft.coal_ore":701,"stat.killEntity.Creeper":1,"stat.pickup.minecraft.string":4,"stat.mineBlock.minecraft.ladder":1,"stat.pickup.tombstone.crafting_ingredient":6,"stat.entityKilledBy.Skeleton":1,"stat.craftItem.minecraft.stone_slab2":0,"stat.useItem.iceandfire.dragonsteel_fire_axe":10,"stat.killEntity.Squid":1,"stat.sprintOneCm":828956,"stat.mineBlock.minecraft.stone_slab":6,"stat.craftItem.minecraft.stick":260,"stat.useItem.minecraft.stone_slab":205,"stat.craftItem.minecraft.stone":2433,"stat.mineBlock.minecraft.diamond_ore":19,"stat.pickup.harvestcraft.barleyitem":3,"stat.mineBlock.minecraft.crafting_table":6,"stat.useItem.minecraft.diamond_pickaxe":182,"stat.waystones:waystonesActivated":1,"stat.pickup.harvestcraft.mustardseedsitem":2,"stat.drop":6,"stat.mineBlock.thaumcraft.crystal_aqua":8,"stat.useItem.minecraft.ladder":8,"stat.craftItem.minecraft.diamond_pickaxe":1,"stat.killEntity.Zombie":22,"stat.pickup.artifacts.bottled_cloud":1,"stat.craftItem.minecraft.dye":33,"stat.mineBlock.minecraft.gold_ore":36,"stat.diveOneCm":36701,"stat.pickup.minecraft.wheat":2,"stat.killEntity.BrainyZombie":2,"stat.craftItem.minecraft.ladder":12,"stat.pickup.thaumcraft.curio":1,"stat.pickup.minecraft.gravel":26,"stat.craftItem.thaumcraft.salis_mundus":1,"stat.pickup.minecraft.stone_axe":1,"stat.pickup.minecraft.obsidian":14,"stat.pickup.minecraft.stone_brick_stairs":19,"stat.jump":5532,"stat.useItem.minecraft.sand":24,"stat.pickup.minecraft.coal":816,"stat.pickup.minecraft.iron_ingot":6,"stat.mineBlock.iceandfire.frost_lily":1,"stat.pickup.harvestcraft.peanutitem":9,"stat.pickup.minecraft.spider_eye":1,"stat.craftItem.minecraft.torch":304,"stat.pickup.minecraft.dirt":1868,"stat.craftItem.minecraft.iron_helmet":1,"stat.pickup.harvestcraft.bellpepperitem":2,"stat.pickup.minecraft.iron_ore":425,"stat.boatOneCm":16692,"stat.pickup.minecraft.gold_ore":34,"stat.useItem.minecraft.sapling":3,"stat.mineBlock.minecraft.lapis_ore":22,"stat.pickup.minecraft.iron_axe":1,"stat.pickup.iceandfire.frost_lily":1,"stat.damageTaken":6635,"stat.pickup.minecraft.leather":3,"stat.useItem.minecraft.stone_brick_stairs":74,"stat.mineBlock.minecraft.torch":13,"stat.mineBlock.minecraft.furnace":6,"stat.pickup.minecraft.written_book":1,"stat.useItem.minecraft.wooden_pickaxe":59,"stat.pickup.ebwizardry.crystal_flower":6,"stat.pickup.minecraft.reeds":6,"stat.pickup.minecraft.bed":9,"stat.pickup.artifacts.thorn_pendant":1,"tombstone:undead_killed":38,"stat.useItem.tombstone.grave_key":2,"stat.pickup.minecraft.potato":23,"stat.entityKilledBy.Zombie":1,"stat.damageDealt":13310,"stat.craftItem.minecraft.glass":125,"stat.sleepInBed":18,"stat.craftItem.minecraft.bowl":4,"stat.pickup.harvestcraft.lettuceitem":6,"stat.killEntity.Cow":1,"stat.pickup.harvestcraft.elderberryitem":3,"stat.craftItem.minecraft.stone_slab":466,"stat.pickup.minecraft.boat":1,"stat.walkOneCm":1107654,"stat.useItem.minecraft.chest":10,"stat.pickup.minecraft.stick":1,"stat.pickup.minecraft.clay_ball":52,"stat.useItem.tombstone.gift":1,"stat.pickup.minecraft.stone":437,"stat.craftItem.minecraft.iron_chestplate":1,"stat.mineBlock.minecraft.wool":6,"stat.useItem.harvestcraft.toastsandwichitem":64,"stat.entityKilledBy.icedragon":1,"stat.mineBlock.thaumcraft.crystal_ignis":5,"stat.pickup.minecraft.ladder":1,"stat.pickup.minecraft.cooked_beef":4,"stat.killEntity.Skeleton":14,"stat.pickup.thaumcraft.ore_cinnabar":7,"stat.pickup.harvestcraft.amaranthitem":4,"stat.craftItem.minecraft.bookshelf":1,"stat.mineBlock.minecraft.stonebrick":25,"stat.pickup.harvestcraft.cucumberitem":2,"stat.killEntity.Spider":5,"stat.pickup.harvestcraft.strawberryitem":2,"stat.mobKills":64,"stat.pickup.minecraft.quartz":19,"stat.useItem.minecraft.boat":1,"stat.pickup.minecraft.diamond":19,"stat.mineBlock.minecraft.leaves":2,"stat.pickup.minecraft.torch":55,"stat.mineBlock.minecraft.redstone_ore":39,"stat.pickup.thaumcraft.brain":2,"stat.craftItem.thaumcraft.quicksilver":3,"stat.pickup.thaumcraft.thaumonomicon":1,"stat.killEntity.firedragon":1,"stat.mineBlock.minecraft.stone":5451}