{"stat.walkOneCm":3496,"stat.leaveGame":3,"stat.useItem.minecraft.diamond_pickaxe":167,"stat.pickup.minecraft.cobblestone":148,"stat.flyOneCm":7751,"stat.swimOneCm":828,"stat.jump":29,"stat.playOneMinute":11297,"stat.fallOneCm":209,"stat.mineBlock.minecraft.gravel":2,"stat.sneakTime":157,"stat.crouchOneCm":298,"stat.timeSinceDeath":11297,"stat.pickup.minecraft.dirt":10,"stat.sprintOneCm":2236,"stat.mineBlock.minecraft.dirt":10,"stat.useItem.minecraft.stone_slab2":9,"stat.mineBlock.minecraft.stone":164,"stat.diveOneCm":4310}