{"stat.leaveGame":9,"stat.mineBlock.ebwizardry.crystal_flower":5,"stat.mineBlock.thaumcraft.ore_quartz":17,"stat.craftItem.minecraft.iron_axe":2,"stat.craftItem.minecraft.shield":1,"stat.pickup.harvestcraft.calamarirawitem":1,"stat.useItem.minecraft.water_bucket":39,"stat.mineBlock.minecraft.stone_brick_stairs":16,"stat.pickup.minecraft.rotten_flesh":8,"stat.craftItem.minecraft.stone_axe":1,"stat.pickup.harvestcraft.wintersquashitem":2,"stat.entityKilledBy.artifacts.mimic":1,"stat.craftItem.minecraft.iron_shovel":8,"stat.entityKilledBy.firedragon":1,"stat.useItem.minecraft.iron_pickaxe":5154,"stat.craftItem.minecraft.wooden_pickaxe":1,"stat.useItem.minecraft.iron_shovel":1785,"stat.craftItem.minecraft.bed":2,"stat.pickup.harvestcraft.onionitem":4,"stat.furnaceInteraction":172,"stat.pickup.harvestcraft.cornitem":6,"stat.pickup.minecraft.furnace":6,"stat.mineBlock.harvestcraft.windygarden":1,"stat.pickup.tombstone.magic_scroll":1,"stat.pickup.thaumcraft.crystal_essence":133,"stat.pickup.thaumcraft.nugget":3,"stat.deaths":2,"stat.pickup.minecraft.egg":1,"stat.playOneMinute":523247,"stat.craftItem.minecraft.iron_pickaxe":27,"stat.mineBlock.minecraft.tallgrass":21,"stat.chestOpened":109,"stat.useItem.minecraft.stone":38,"stat.pickup.minecraft.arrow":5,"stat.pickup.harvestcraft.chilipepperitem":8,"stat.useItem.minecraft.experience_bottle":1,"stat.fallOneCm":86004,"stat.pickup.minecraft.carrot":10,"stat.crouchOneCm":11950,"stat.craftItem.minecraft.iron_ingot":213,"stat.craftItem.minecraft.chest":8,"stat.craftingTableInteraction":52,"stat.useItem.minecraft.furnace":3,"stat.pickup.minecraft.dye":136,"stat.pickup.minecraft.wheat_seeds":35,"stat.mineBlock.minecraft.gravel":15,"stat.useItem.minecraft.stone_pickaxe":655,"stat.craftItem.minecraft.iron_leggings":1,"stat.mineBlock.minecraft.dirt":1890,"stat.useItem.minecraft.torch":146,"stat.drop.tombstone.crafting_ingredient":1,"stat.drop.minecraft.rotten_flesh":1,"stat.pickup.minecraft.crafting_table":6,"stat.useItem.minecraft.cobblestone":1004,"stat.craftItem.minecraft.crafting_table":3,"stat.mineBlock.minecraft.double_plant":1,"stat.mineBlock.thaumcraft.crystal_aer":12,"stat.mineBlock.ebwizardry.crystal_ore":55,"stat.pickup.minecraft.log":83,"stat.mineBlock.thaumcraft.crystal_terra":2,"stat.craftItem.minecraft.gold_ingot":18,"stat.pickup.artifacts.magma_stone":1,"stat.pickup.minecraft.sapling":6,"stat.pickup.minecraft.wooden_door":1,"stat.pickup.minecraft.apple":1,"stat.pickup.harvestcraft.parsnipitem":4,"stat.craftItem.minecraft.bucket":1,"stat.craftItem.minecraft.planks":332,"stat.mineBlock.thaumcraft.crystal_ordo":1,"stat.drop.thaumcraft.crystal_essence":2,"stat.useItem.minecraft.stonebrick":1264,"stat.mineBlock.minecraft.log":83,"stat.craftItem.minecraft.wooden_door":3,"stat.useItem.minecraft.wooden_door":3,"stat.pickup.minecraft.red_flower":2,"stat.sneakTime":3075,"stat.pickup.thaumcraft.amber":5,"stat.pickup.minecraft.wool":6,"stat.mineBlock.thaumcraft.crystal_perditio":11,"stat.drop.minecraft.wooden_axe":1,"stat.mineBlock.thaumcraft.ore_cinnabar":4,"stat.pickup.minecraft.bone":6,"stat.useItem.minecraft.iron_axe":194,"stat.mineBlock.minecraft.cobblestone":136,"stat.craftItem.tombstone.grave_key":1,"stat.craftItem.minecraft.stone_brick_stairs":64,"stat.swimOneCm":95046,"stat.pickup.harvestcraft.artichokeitem":3,"stat.climbOneCm":3651,"stat.mineBlock.thaumcraft.ore_amber":4,"stat.useItem.minecraft.dirt":344,"stat.useItem.minecraft.stone_slab2":128,"stat.craftItem.minecraft.furnace":5,"stat.killEntity.artifacts.mimic":3,"stat.useItem.minecraft.egg":1,"stat.craftItem.minecraft.iron_boots":1,"stat.craftItem.minecraft.stone_pickaxe":5,"stat.pickup.minecraft.cobblestone":5715,"stat.flyOneCm":1027767,"stat.pickup.minecraft.redstone":230,"stat.mineBlock.minecraft.iron_ore":356,"stat.timeSinceDeath":350914,"stat.craftItem.ebwizardry.magic_crystal":12,"stat.craftItem.minecraft.stonebrick":1482,"stat.pickup.minecraft.stonebrick":47,"stat.pickup.ebwizardry.magic_crystal":126,"stat.mineBlock.minecraft.coal_ore":687,"stat.killEntity.Creeper":1,"stat.mineBlock.minecraft.ladder":1,"stat.pickup.tombstone.crafting_ingredient":4,"stat.craftItem.minecraft.stone_slab2":0,"stat.useItem.iceandfire.dragonsteel_fire_axe":10,"stat.killEntity.Squid":1,"stat.sprintOneCm":536895,"stat.craftItem.minecraft.stick":260,"stat.craftItem.minecraft.stone":1359,"stat.mineBlock.minecraft.diamond_ore":19,"stat.pickup.harvestcraft.barleyitem":3,"stat.mineBlock.minecraft.crafting_table":6,"stat.useItem.minecraft.diamond_pickaxe":167,"stat.waystones:waystonesActivated":1,"stat.pickup.harvestcraft.mustardseedsitem":2,"stat.drop":5,"stat.mineBlock.thaumcraft.crystal_aqua":8,"stat.useItem.minecraft.ladder":8,"stat.killEntity.Zombie":16,"stat.pickup.artifacts.bottled_cloud":1,"stat.mineBlock.minecraft.gold_ore":19,"stat.diveOneCm":23913,"stat.pickup.minecraft.wheat":2,"stat.killEntity.BrainyZombie":2,"stat.craftItem.minecraft.ladder":12,"stat.pickup.thaumcraft.curio":1,"stat.pickup.minecraft.gravel":26,"stat.pickup.minecraft.stone_axe":1,"stat.pickup.minecraft.stone_brick_stairs":16,"stat.jump":3662,"stat.pickup.minecraft.coal":802,"stat.pickup.minecraft.iron_ingot":6,"stat.pickup.harvestcraft.peanutitem":9,"stat.craftItem.minecraft.torch":304,"stat.pickup.minecraft.dirt":1685,"stat.craftItem.minecraft.iron_helmet":1,"stat.pickup.harvestcraft.bellpepperitem":2,"stat.pickup.minecraft.iron_ore":349,"stat.pickup.minecraft.gold_ore":18,"stat.useItem.minecraft.sapling":3,"stat.mineBlock.minecraft.lapis_ore":22,"stat.damageTaken":3678,"stat.useItem.minecraft.stone_brick_stairs":66,"stat.mineBlock.minecraft.torch":12,"stat.mineBlock.minecraft.furnace":6,"stat.pickup.minecraft.written_book":1,"stat.useItem.minecraft.wooden_pickaxe":59,"stat.pickup.ebwizardry.crystal_flower":6,"stat.pickup.minecraft.bed":9,"stat.pickup.artifacts.thorn_pendant":1,"tombstone:undead_killed":24,"stat.useItem.tombstone.grave_key":1,"stat.pickup.minecraft.potato":22,"stat.damageDealt":9191,"stat.sleepInBed":16,"stat.pickup.harvestcraft.lettuceitem":6,"stat.pickup.harvestcraft.elderberryitem":3,"stat.craftItem.minecraft.stone_slab":124,"stat.walkOneCm":801454,"stat.useItem.minecraft.chest":5,"stat.pickup.minecraft.stick":1,"stat.useItem.tombstone.gift":1,"stat.pickup.minecraft.stone":437,"stat.craftItem.minecraft.iron_chestplate":1,"stat.mineBlock.minecraft.wool":6,"stat.useItem.harvestcraft.toastsandwichitem":46,"stat.mineBlock.thaumcraft.crystal_ignis":5,"stat.pickup.minecraft.ladder":1,"stat.killEntity.Skeleton":6,"stat.pickup.thaumcraft.ore_cinnabar":7,"stat.pickup.harvestcraft.amaranthitem":3,"stat.mineBlock.minecraft.stonebrick":12,"stat.pickup.harvestcraft.cucumberitem":2,"stat.killEntity.Spider":1,"stat.pickup.harvestcraft.strawberryitem":2,"stat.mobKills":39,"stat.pickup.minecraft.quartz":17,"stat.pickup.minecraft.diamond":19,"stat.mineBlock.minecraft.leaves":2,"stat.pickup.minecraft.torch":52,"stat.mineBlock.minecraft.redstone_ore":39,"stat.pickup.thaumcraft.brain":2,"stat.craftItem.thaumcraft.quicksilver":3,"stat.killEntity.firedragon":1,"stat.mineBlock.minecraft.stone":4664}