{"stat.walkOneCm":41744,"stat.craftItem.minecraft.bed":2,"stat.leaveGame":3,"stat.drop.minecraft.rotten_flesh":1,"stat.pickup.minecraft.crafting_table":1,"stat.useItem.minecraft.cobblestone":4,"stat.craftItem.minecraft.crafting_table":1,"stat.pickup.minecraft.log":11,"stat.jump":150,"stat.swimOneCm":828,"stat.fallOneCm":2299,"stat.pickup.minecraft.carrot":6,"stat.crouchOneCm":298,"stat.mineBlock.minecraft.wool":6,"stat.useItem.harvestcraft.toastsandwichitem":1,"stat.pickup.minecraft.dirt":18,"stat.sprintOneCm":28331,"stat.useItem.minecraft.stone_slab2":14,"stat.craftItem.minecraft.stick":4,"stat.craftingTableInteraction":4,"stat.pickup.minecraft.rotten_flesh":1,"stat.craftItem.minecraft.planks":44,"stat.useItem.minecraft.egg":1,"stat.mineBlock.minecraft.crafting_table":1,"stat.damageTaken":8,"stat.useItem.minecraft.diamond_pickaxe":167,"stat.craftItem.minecraft.stone_pickaxe":1,"stat.waystones:waystonesActivated":1,"stat.mineBlock.minecraft.torch":3,"stat.useItem.minecraft.wooden_pickaxe":59,"stat.pickup.minecraft.cobblestone":208,"stat.mineBlock.minecraft.log":11,"stat.flyOneCm":41767,"stat.pickup.minecraft.bed":1,"stat.drop":1,"stat.pickup.minecraft.egg":1,"stat.pickup.minecraft.potato":19,"stat.playOneMinute":23897,"stat.mineBlock.minecraft.gravel":2,"stat.pickup.minecraft.torch":21,"stat.sneakTime":157,"stat.pickup.minecraft.wool":6,"stat.sleepInBed":1,"stat.timeSinceDeath":23897,"stat.mineBlock.minecraft.dirt":18,"stat.mineBlock.minecraft.stone":224,"stat.craftItem.minecraft.wooden_pickaxe":1,"stat.diveOneCm":4310}