{"stat.pickup.minecraft.bone":5,"stat.useItem.minecraft.iron_axe":119,"stat.leaveGame":7,"stat.mineBlock.ebwizardry.crystal_flower":5,"stat.mineBlock.minecraft.cobblestone":9,"stat.mineBlock.thaumcraft.ore_quartz":6,"stat.craftItem.tombstone.grave_key":1,"stat.craftItem.minecraft.iron_axe":1,"stat.swimOneCm":49568,"stat.pickup.harvestcraft.artichokeitem":3,"stat.mineBlock.thaumcraft.ore_amber":4,"stat.useItem.minecraft.dirt":278,"stat.useItem.minecraft.stone_slab2":65,"stat.pickup.harvestcraft.calamarirawitem":1,"stat.useItem.minecraft.water_bucket":18,"stat.pickup.minecraft.rotten_flesh":1,"stat.craftItem.minecraft.furnace":3,"stat.killEntity.artifacts.mimic":2,"stat.useItem.minecraft.egg":1,"stat.craftItem.minecraft.stone_axe":1,"stat.craftItem.minecraft.iron_boots":1,"stat.craftItem.minecraft.stone_pickaxe":5,"stat.pickup.harvestcraft.wintersquashitem":2,"stat.pickup.minecraft.cobblestone":3108,"stat.entityKilledBy.artifacts.mimic":1,"stat.flyOneCm":856106,"stat.craftItem.minecraft.iron_shovel":8,"stat.entityKilledBy.firedragon":1,"stat.pickup.minecraft.redstone":196,"stat.mineBlock.minecraft.iron_ore":153,"stat.timeSinceDeath":94325,"stat.useItem.minecraft.iron_pickaxe":1447,"stat.craftItem.minecraft.wooden_pickaxe":1,"stat.useItem.minecraft.iron_shovel":1776,"stat.craftItem.ebwizardry.magic_crystal":12,"stat.craftItem.minecraft.bed":2,"stat.craftItem.minecraft.stonebrick":316,"stat.pickup.harvestcraft.onionitem":4,"stat.furnaceInteraction":70,"stat.pickup.ebwizardry.magic_crystal":52,"stat.pickup.harvestcraft.cornitem":6,"stat.mineBlock.minecraft.coal_ore":116,"stat.killEntity.Creeper":1,"stat.pickup.minecraft.furnace":6,"stat.pickup.tombstone.crafting_ingredient":1,"stat.craftItem.minecraft.stone_slab2":0,"stat.mineBlock.harvestcraft.windygarden":1,"stat.useItem.iceandfire.dragonsteel_fire_axe":10,"stat.killEntity.Squid":1,"stat.sprintOneCm":308063,"stat.craftItem.minecraft.stick":64,"stat.craftItem.minecraft.stone":316,"stat.mineBlock.minecraft.diamond_ore":6,"stat.pickup.thaumcraft.crystal_essence":126,"stat.pickup.harvestcraft.barleyitem":3,"stat.mineBlock.minecraft.crafting_table":6,"stat.pickup.thaumcraft.nugget":1,"stat.useItem.minecraft.diamond_pickaxe":167,"stat.waystones:waystonesActivated":1,"stat.pickup.harvestcraft.mustardseedsitem":2,"stat.deaths":2,"stat.drop":5,"stat.pickup.minecraft.egg":1,"stat.mineBlock.thaumcraft.crystal_aqua":8,"stat.playOneMinute":266658,"stat.craftItem.minecraft.iron_pickaxe":7,"stat.killEntity.Zombie":2,"stat.pickup.artifacts.bottled_cloud":1,"stat.mineBlock.minecraft.gold_ore":10,"stat.mineBlock.minecraft.tallgrass":20,"stat.diveOneCm":18159,"stat.pickup.minecraft.wheat":2,"stat.chestOpened":39,"stat.useItem.minecraft.stone":18,"stat.pickup.thaumcraft.curio":1,"stat.pickup.minecraft.gravel":26,"stat.pickup.minecraft.arrow":2,"stat.pickup.minecraft.stone_axe":1,"stat.pickup.harvestcraft.chilipepperitem":8,"stat.jump":2475,"stat.pickup.minecraft.coal":152,"stat.fallOneCm":63261,"stat.pickup.minecraft.iron_ingot":6,"stat.pickup.minecraft.carrot":10,"stat.crouchOneCm":2668,"stat.pickup.harvestcraft.peanutitem":9,"stat.craftItem.minecraft.iron_ingot":81,"stat.craftItem.minecraft.torch":16,"stat.craftItem.minecraft.chest":8,"stat.pickup.minecraft.dirt":1596,"stat.craftItem.minecraft.iron_helmet":1,"stat.pickup.harvestcraft.bellpepperitem":2,"stat.craftingTableInteraction":33,"stat.pickup.minecraft.iron_ore":153,"stat.pickup.minecraft.gold_ore":9,"stat.useItem.minecraft.sapling":3,"stat.mineBlock.minecraft.lapis_ore":8,"stat.damageTaken":2136,"stat.mineBlock.minecraft.torch":9,"stat.mineBlock.minecraft.furnace":6,"stat.pickup.minecraft.written_book":1,"stat.useItem.minecraft.wooden_pickaxe":59,"stat.useItem.minecraft.furnace":2,"stat.pickup.ebwizardry.crystal_flower":6,"stat.pickup.minecraft.dye":54,"stat.pickup.minecraft.bed":7,"stat.pickup.artifacts.thorn_pendant":1,"tombstone:undead_killed":4,"stat.useItem.tombstone.grave_key":1,"stat.pickup.minecraft.wheat_seeds":34,"stat.pickup.minecraft.potato":22,"stat.mineBlock.minecraft.gravel":15,"stat.useItem.minecraft.stone_pickaxe":655,"stat.craftItem.minecraft.iron_leggings":1,"stat.damageDealt":4148,"stat.sleepInBed":10,"stat.pickup.harvestcraft.lettuceitem":6,"stat.mineBlock.minecraft.dirt":1837,"stat.pickup.harvestcraft.elderberryitem":3,"stat.walkOneCm":335982,"stat.useItem.minecraft.torch":26,"stat.useItem.minecraft.chest":5,"stat.pickup.minecraft.stick":1,"stat.drop.tombstone.crafting_ingredient":1,"stat.drop.minecraft.rotten_flesh":1,"stat.pickup.minecraft.crafting_table":6,"stat.useItem.minecraft.cobblestone":158,"stat.craftItem.minecraft.crafting_table":1,"stat.mineBlock.minecraft.double_plant":1,"stat.mineBlock.thaumcraft.crystal_aer":12,"stat.mineBlock.ebwizardry.crystal_ore":24,"stat.pickup.minecraft.log":83,"stat.useItem.tombstone.gift":1,"stat.craftItem.minecraft.gold_ingot":9,"stat.pickup.minecraft.stone":114,"stat.craftItem.minecraft.iron_chestplate":1,"stat.mineBlock.minecraft.wool":6,"stat.useItem.harvestcraft.toastsandwichitem":26,"stat.pickup.minecraft.sapling":6,"stat.mineBlock.thaumcraft.crystal_ignis":5,"stat.pickup.minecraft.apple":1,"stat.killEntity.Skeleton":2,"stat.pickup.harvestcraft.parsnipitem":4,"stat.pickup.thaumcraft.ore_cinnabar":7,"stat.pickup.harvestcraft.amaranthitem":3,"stat.craftItem.minecraft.bucket":1,"stat.craftItem.minecraft.planks":332,"stat.mineBlock.thaumcraft.crystal_ordo":1,"stat.pickup.harvestcraft.cucumberitem":2,"stat.killEntity.Spider":1,"stat.pickup.harvestcraft.strawberryitem":2,"stat.mobKills":12,"stat.drop.thaumcraft.crystal_essence":2,"stat.useItem.minecraft.stonebrick":277,"stat.mineBlock.minecraft.log":83,"stat.pickup.minecraft.quartz":6,"stat.pickup.minecraft.diamond":6,"stat.mineBlock.minecraft.leaves":2,"stat.pickup.minecraft.torch":47,"stat.pickup.minecraft.red_flower":2,"stat.mineBlock.minecraft.redstone_ore":33,"stat.sneakTime":1386,"stat.pickup.thaumcraft.amber":5,"stat.pickup.minecraft.wool":6,"stat.mineBlock.thaumcraft.crystal_perditio":11,"stat.craftItem.thaumcraft.quicksilver":3,"stat.killEntity.firedragon":1,"stat.mineBlock.minecraft.stone":1956,"stat.drop.minecraft.wooden_axe":1,"stat.mineBlock.thaumcraft.ore_cinnabar":3}