{"stat.pickup.harvestcraft.soursopitem":6,"stat.pickup.minecraft.double_plant":1,"stat.walkOneCm":83048,"stat.pickup.harvestcraft.tomatoitem":7,"stat.pickup.harvestcraft.whitemushroomitem":6,"stat.pickup.harvestcraft.beanitem":8,"stat.pickup.minecraft.gravel":3,"stat.mineBlock.ebwizardry.crystal_flower":2,"stat.craftItem.minecraft.crafting_table":1,"stat.pickup.minecraft.flint":1,"stat.mineBlock.minecraft.double_plant":1,"stat.mineBlock.harvestcraft.pamgooseberry":3,"stat.useItem.minecraft.rotten_flesh":2,"stat.pickup.minecraft.log":17,"stat.pickup.harvestcraft.hazelnutitem":8,"stat.pickup.harvestcraft.blackberryitem":9,"stat.pickup.harvestcraft.turnipitem":8,"stat.useItem.harvestcraft.sweetpotatoitem":1,"stat.jump":244,"stat.swimOneCm":976,"stat.fallOneCm":4242,"stat.useItem.minecraft.planks":9,"stat.mineBlock.harvestcraft.pamhazelnut":4,"stat.pickup.harvestcraft.spiceleafitem":8,"stat.mineBlock.harvestcraft.pamsoursop":4,"stat.pickup.minecraft.stone":9,"stat.crouchOneCm":75,"stat.mineBlock.harvestcraft.shadedgarden":29,"stat.pickup.harvestcraft.zucchiniitem":5,"stat.useItem.harvestcraft.tomatoitem":5,"stat.sprintOneCm":22138,"stat.pickup.harvestcraft.walnutitem":2,"stat.useItem.minecraft.stone_slab2":1,"stat.craftItem.minecraft.stick":4,"stat.craftingTableInteraction":2,"stat.pickup.minecraft.rotten_flesh":2,"stat.useItem.harvestcraft.blackberryitem":3,"stat.useItem.harvestcraft.gooseberryitem":4,"stat.mineBlock.harvestcraft.pamwalnut":2,"stat.entityKilledBy.Spider":1,"stat.craftItem.minecraft.planks":44,"stat.damageTaken":570,"stat.pickup.harvestcraft.sweetpotatoitem":5,"stat.mineBlock.minecraft.red_flower":17,"stat.useItem.minecraft.wooden_pickaxe":33,"stat.mobKills":1,"stat.pickup.minecraft.cobblestone":20,"stat.mineBlock.minecraft.log":18,"stat.pickup.ebwizardry.crystal_flower":2,"stat.pickup.minecraft.planks":53,"stat.useItem.harvestcraft.juteitem":3,"stat.useItem.harvestcraft.beanitem":2,"stat.flyOneCm":10432,"stat.pickup.harvestcraft.radishitem":3,"stat.mineBlock.minecraft.planks":9,"stat.deaths":1,"stat.mineBlock.minecraft.leaves":3,"stat.playOneMinute":32464,"stat.pickup.harvestcraft.juteitem":7,"stat.mineBlock.minecraft.gravel":4,"stat.mineBlock.iceandfire.dragon_ice_spikes":1,"stat.pickup.minecraft.red_flower":17,"stat.pickup.harvestcraft.scallionitem":4,"stat.sneakTime":96,"stat.pickup.harvestcraft.tealeafitem":4,"stat.damageDealt":24,"stat.pickup.harvestcraft.leekitem":4,"stat.timeSinceDeath":19513,"stat.pickup.iceandfire.dragon_ice_spikes":1,"stat.craftItem.minecraft.wooden_pickaxe":1,"stat.mineBlock.minecraft.stone":33,"stat.mineBlock.minecraft.tallgrass":8,"stat.pickup.harvestcraft.gooseberryitem":4,"stat.pickup.harvestcraft.garlicitem":4,"stat.pickup.harvestcraft.rhubarbitem":5}