{"stat.pickup.harvestcraft.soursopitem":6,"stat.pickup.minecraft.double_plant":1,"stat.walkOneCm":109017,"stat.pickup.minecraft.bone":2,"stat.pickup.harvestcraft.tomatoitem":7,"stat.pickup.harvestcraft.whitemushroomitem":6,"stat.pickup.harvestcraft.beanitem":8,"stat.useItem.minecraft.stone":6,"stat.pickup.minecraft.gravel":3,"stat.mineBlock.ebwizardry.crystal_flower":2,"stat.pickup.minecraft.crafting_table":2,"stat.craftItem.minecraft.crafting_table":1,"stat.pickup.minecraft.flint":1,"stat.pickup.harvestcraft.cherryitem":8,"stat.mineBlock.minecraft.double_plant":1,"stat.mineBlock.harvestcraft.pamgooseberry":3,"stat.useItem.minecraft.rotten_flesh":2,"stat.pickup.minecraft.log":17,"stat.pickup.harvestcraft.hazelnutitem":8,"stat.pickup.harvestcraft.blackberryitem":9,"stat.pickup.harvestcraft.turnipitem":8,"stat.useItem.harvestcraft.sweetpotatoitem":1,"stat.jump":292,"stat.swimOneCm":3707,"stat.fallOneCm":4451,"stat.useItem.minecraft.planks":9,"stat.mineBlock.harvestcraft.pamhazelnut":4,"stat.pickup.harvestcraft.spiceleafitem":8,"stat.mineBlock.harvestcraft.pamsoursop":4,"stat.pickup.minecraft.stone":11,"stat.pickup.minecraft.porkchop":2,"stat.crouchOneCm":75,"stat.mineBlock.harvestcraft.shadedgarden":29,"stat.pickup.harvestcraft.zucchiniitem":5,"stat.useItem.harvestcraft.tomatoitem":5,"stat.pickup.minecraft.dirt":2,"stat.sprintOneCm":22344,"stat.pickup.harvestcraft.walnutitem":2,"stat.useItem.minecraft.stone_slab2":2,"stat.craftItem.minecraft.stick":8,"stat.craftingTableInteraction":4,"stat.pickup.minecraft.rotten_flesh":2,"stat.useItem.harvestcraft.blackberryitem":3,"stat.useItem.harvestcraft.gooseberryitem":4,"stat.mineBlock.harvestcraft.pamwalnut":2,"stat.entityKilledBy.Spider":1,"stat.craftItem.minecraft.planks":44,"stat.damageTaken":570,"stat.pickup.harvestcraft.sweetpotatoitem":5,"stat.mineBlock.minecraft.crafting_table":2,"stat.mineBlock.minecraft.red_flower":17,"stat.craftItem.minecraft.stone_pickaxe":1,"stat.useItem.minecraft.wooden_pickaxe":34,"stat.mobKills":2,"stat.pickup.minecraft.cobblestone":34,"stat.mineBlock.minecraft.log":18,"stat.pickup.ebwizardry.crystal_flower":2,"stat.pickup.harvestcraft.plumitem":10,"stat.pickup.minecraft.planks":53,"stat.mineBlock.harvestcraft.pamplum":5,"stat.useItem.harvestcraft.juteitem":3,"stat.useItem.harvestcraft.beanitem":2,"stat.craftItem.minecraft.stone_sword":1,"stat.flyOneCm":10432,"stat.pickup.harvestcraft.radishitem":3,"stat.mineBlock.minecraft.planks":9,"stat.deaths":1,"stat.mineBlock.minecraft.leaves":11,"stat.playOneMinute":45064,"stat.pickup.harvestcraft.juteitem":7,"stat.mineBlock.minecraft.gravel":4,"stat.mineBlock.iceandfire.dragon_ice_spikes":1,"stat.useItem.minecraft.stone_pickaxe":14,"stat.pickup.minecraft.red_flower":17,"stat.useItem.harvestcraft.plumitem":2,"stat.pickup.harvestcraft.scallionitem":4,"stat.sneakTime":163,"stat.pickup.harvestcraft.tealeafitem":4,"stat.useItem.minecraft.stone_sword":20,"stat.damageDealt":124,"stat.pickup.harvestcraft.leekitem":4,"stat.timeSinceDeath":32113,"stat.pickup.iceandfire.dragon_ice_spikes":1,"stat.mineBlock.minecraft.dirt":2,"stat.craftItem.minecraft.wooden_pickaxe":1,"stat.mineBlock.minecraft.stone":45,"stat.killEntity.Pig":1,"stat.mineBlock.minecraft.tallgrass":11,"stat.diveOneCm":639,"stat.pickup.harvestcraft.gooseberryitem":4,"stat.pickup.harvestcraft.garlicitem":4,"stat.pickup.harvestcraft.rhubarbitem":5}