{"stat.pickup.minecraft.bone":2,"stat.leaveGame":2,"stat.mineBlock.ebwizardry.crystal_flower":12,"stat.mineBlock.minecraft.cobblestone":2,"stat.pickup.minecraft.flint":1,"stat.swimOneCm":7442,"stat.useItem.minecraft.planks":14,"stat.mineBlock.harvestcraft.pamsoursop":4,"stat.pickup.minecraft.porkchop":2,"stat.pickup.harvestcraft.okraitem":3,"stat.useItem.harvestcraft.tomatoitem":5,"stat.useItem.minecraft.dirt":64,"stat.useItem.minecraft.stone_slab2":12,"stat.pickup.harvestcraft.seaweeditem":1,"stat.mineBlock.minecraft.red_mushroom":9,"stat.pickup.minecraft.rotten_flesh":2,"stat.useItem.harvestcraft.gooseberryitem":4,"stat.pickup.minecraft.sand":1,"stat.craftItem.minecraft.furnace":1,"stat.entityKilledBy.Spider":1,"stat.craftItem.minecraft.stone_axe":1,"stat.pickup.harvestcraft.sweetpotatoitem":5,"stat.craftItem.minecraft.stone_pickaxe":2,"stat.pickup.minecraft.cobblestone":104,"stat.pickup.harvestcraft.jicamaitem":3,"stat.useItem.harvestcraft.juteitem":3,"stat.useItem.minecraft.stone_shovel":87,"stat.craftItem.minecraft.stone_sword":1,"stat.flyOneCm":11013,"stat.pickup.harvestcraft.radishitem":3,"stat.mineBlock.minecraft.sand":1,"stat.useItem.minecraft.red_mushroom":8,"stat.useItem.harvestcraft.plumitem":6,"stat.pickup.harvestcraft.scallionitem":4,"stat.pickup.harvestcraft.leekitem":4,"stat.timeSinceDeath":77135,"stat.craftItem.minecraft.wooden_pickaxe":1,"stat.pickup.harvestcraft.rhubarbitem":5,"stat.pickup.harvestcraft.soursopitem":6,"stat.pickup.minecraft.double_plant":1,"stat.pickup.harvestcraft.whitemushroomitem":6,"stat.pickup.harvestcraft.beanitem":8,"stat.furnaceInteraction":2,"stat.pickup.harvestcraft.bolognasandwichitem":12,"stat.pickup.harvestcraft.cherryitem":8,"stat.mineBlock.minecraft.coal_ore":23,"stat.craftItem.minecraft.stone_hoe":1,"stat.pickup.harvestcraft.turnipitem":8,"stat.craftItem.spartanweaponry.boomerang_wood":1,"stat.sprintOneCm":23516,"stat.craftItem.minecraft.stick":20,"stat.useItem.harvestcraft.blackberryitem":3,"stat.mineBlock.harvestcraft.pamwalnut":2,"stat.useItem.minecraft.wheat_seeds":2,"stat.mineBlock.minecraft.crafting_table":2,"stat.pickup.harvestcraft.nutmegitem":2,"stat.useItem.harvestcraft.bolognasandwichitem":1,"stat.useItem.harvestcraft.beanitem":2,"stat.mineBlock.minecraft.planks":14,"stat.deaths":1,"stat.playOneMinute":90086,"stat.mineBlock.minecraft.tallgrass":69,"stat.diveOneCm":5519,"stat.pickup.harvestcraft.garlicitem":4,"stat.chestOpened":9,"stat.pickup.harvestcraft.tomatoitem":7,"stat.useItem.minecraft.stone":6,"stat.pickup.minecraft.gravel":4,"stat.useItem.minecraft.rotten_flesh":2,"stat.pickup.harvestcraft.blackberryitem":9,"stat.jump":483,"stat.pickup.minecraft.coal":23,"stat.fallOneCm":6351,"stat.mineBlock.harvestcraft.pamhazelnut":4,"stat.useItem.minecraft.stone_axe":75,"stat.pickup.harvestcraft.milletitem":1,"stat.crouchOneCm":1516,"stat.mineBlock.harvestcraft.shadedgarden":29,"stat.craftItem.minecraft.torch":14,"stat.craftItem.minecraft.chest":2,"stat.useItem.spartanweaponry.boomerang_wood":3,"stat.pickup.minecraft.dirt":81,"stat.pickup.harvestcraft.walnutitem":2,"stat.pickup.minecraft.red_mushroom":9,"stat.craftingTableInteraction":12,"stat.pickup.harvestcraft.grilledcheeseitem":64,"stat.mineBlock.harvestcraft.pamnutmeg":1,"stat.damageTaken":620,"stat.mineBlock.minecraft.red_flower":17,"stat.mineBlock.minecraft.torch":2,"stat.useItem.minecraft.wooden_pickaxe":34,"stat.pickup.harvestcraft.blueberryitem":1,"stat.pickup.ebwizardry.crystal_flower":11,"stat.pickup.minecraft.planks":58,"stat.mineBlock.harvestcraft.pamplum":6,"stat.pickup.minecraft.wheat_seeds":3,"stat.mineBlock.minecraft.gravel":5,"stat.useItem.minecraft.stone_pickaxe":111,"stat.useItem.minecraft.stone_sword":27,"stat.damageDealt":124,"stat.pickup.iceandfire.dragon_ice_spikes":3,"stat.mineBlock.minecraft.dirt":84,"stat.killEntity.Pig":1,"stat.mineBlock.harvestcraft.pampear":5,"stat.craftItem.minecraft.stone_shovel":1,"stat.walkOneCm":233182,"stat.useItem.minecraft.torch":8,"stat.useItem.minecraft.chest":1,"stat.pickup.minecraft.crafting_table":2,"stat.useItem.minecraft.cobblestone":12,"stat.craftItem.minecraft.crafting_table":1,"stat.mineBlock.minecraft.double_plant":1,"stat.mineBlock.harvestcraft.pamgooseberry":3,"stat.pickup.minecraft.log":33,"stat.pickup.harvestcraft.hazelnutitem":8,"stat.useItem.harvestcraft.sweetpotatoitem":1,"stat.pickup.harvestcraft.spiceleafitem":8,"stat.pickup.minecraft.stone":11,"stat.pickup.harvestcraft.zucchiniitem":5,"stat.pickup.minecraft.sapling":3,"stat.craftItem.minecraft.planks":56,"stat.mobKills":2,"stat.mineBlock.minecraft.log":34,"stat.craftItem.minecraft.wooden_door":3,"stat.pickup.harvestcraft.plumitem":12,"stat.useItem.minecraft.stone_hoe":20,"stat.useItem.minecraft.wooden_door":2,"stat.mineBlock.minecraft.leaves":18,"stat.pickup.harvestcraft.juteitem":7,"stat.pickup.minecraft.torch":2,"stat.mineBlock.iceandfire.dragon_ice_spikes":2,"stat.pickup.minecraft.red_flower":17,"stat.pickup.harvestcraft.pearitem":6,"stat.pickup.harvestcraft.tealeafitem":8,"stat.sneakTime":769,"stat.mineBlock.harvestcraft.soggygarden":7,"stat.mineBlock.minecraft.stone":113,"stat.pickup.harvestcraft.gooseberryitem":4}