{"stat.pickup.minecraft.bone":2,"stat.leaveGame":1,"stat.mineBlock.ebwizardry.crystal_flower":2,"stat.mineBlock.minecraft.cobblestone":2,"stat.pickup.minecraft.flint":1,"stat.swimOneCm":5013,"stat.useItem.minecraft.planks":14,"stat.mineBlock.harvestcraft.pamsoursop":4,"stat.pickup.minecraft.porkchop":2,"stat.pickup.harvestcraft.okraitem":3,"stat.useItem.harvestcraft.tomatoitem":5,"stat.useItem.minecraft.stone_slab2":7,"stat.pickup.harvestcraft.seaweeditem":1,"stat.pickup.minecraft.rotten_flesh":2,"stat.useItem.harvestcraft.gooseberryitem":4,"stat.craftItem.minecraft.furnace":1,"stat.entityKilledBy.Spider":1,"stat.craftItem.minecraft.stone_axe":1,"stat.pickup.harvestcraft.sweetpotatoitem":5,"stat.craftItem.minecraft.stone_pickaxe":2,"stat.pickup.minecraft.cobblestone":104,"stat.pickup.harvestcraft.jicamaitem":3,"stat.useItem.harvestcraft.juteitem":3,"stat.craftItem.minecraft.stone_sword":1,"stat.flyOneCm":10926,"stat.pickup.harvestcraft.radishitem":3,"stat.useItem.harvestcraft.plumitem":4,"stat.pickup.harvestcraft.scallionitem":4,"stat.pickup.harvestcraft.leekitem":4,"stat.timeSinceDeath":49798,"stat.craftItem.minecraft.wooden_pickaxe":1,"stat.pickup.harvestcraft.rhubarbitem":5,"stat.pickup.harvestcraft.soursopitem":6,"stat.pickup.minecraft.double_plant":1,"stat.pickup.harvestcraft.whitemushroomitem":6,"stat.pickup.harvestcraft.beanitem":8,"stat.furnaceInteraction":1,"stat.pickup.harvestcraft.cherryitem":8,"stat.mineBlock.minecraft.coal_ore":23,"stat.craftItem.minecraft.stone_hoe":1,"stat.pickup.harvestcraft.turnipitem":8,"stat.sprintOneCm":22949,"stat.craftItem.minecraft.stick":16,"stat.useItem.harvestcraft.blackberryitem":3,"stat.mineBlock.harvestcraft.pamwalnut":2,"stat.mineBlock.minecraft.crafting_table":2,"stat.useItem.harvestcraft.beanitem":2,"stat.mineBlock.minecraft.planks":9,"stat.deaths":1,"stat.playOneMinute":62749,"stat.mineBlock.minecraft.tallgrass":11,"stat.diveOneCm":1021,"stat.pickup.harvestcraft.garlicitem":4,"stat.chestOpened":4,"stat.pickup.harvestcraft.tomatoitem":7,"stat.useItem.minecraft.stone":6,"stat.pickup.minecraft.gravel":3,"stat.useItem.minecraft.rotten_flesh":2,"stat.pickup.harvestcraft.blackberryitem":9,"stat.jump":385,"stat.pickup.minecraft.coal":23,"stat.fallOneCm":6351,"stat.mineBlock.harvestcraft.pamhazelnut":4,"stat.pickup.harvestcraft.milletitem":1,"stat.crouchOneCm":305,"stat.mineBlock.harvestcraft.shadedgarden":29,"stat.craftItem.minecraft.torch":14,"stat.craftItem.minecraft.chest":2,"stat.pickup.minecraft.dirt":4,"stat.pickup.harvestcraft.walnutitem":2,"stat.craftingTableInteraction":8,"stat.pickup.harvestcraft.grilledcheeseitem":64,"stat.damageTaken":570,"stat.mineBlock.minecraft.red_flower":17,"stat.mineBlock.minecraft.torch":2,"stat.useItem.minecraft.wooden_pickaxe":34,"stat.pickup.harvestcraft.blueberryitem":1,"stat.pickup.ebwizardry.crystal_flower":2,"stat.pickup.minecraft.planks":53,"stat.mineBlock.harvestcraft.pamplum":6,"stat.mineBlock.minecraft.gravel":4,"stat.useItem.minecraft.stone_pickaxe":111,"stat.useItem.minecraft.stone_sword":27,"stat.damageDealt":124,"stat.pickup.iceandfire.dragon_ice_spikes":3,"stat.mineBlock.minecraft.dirt":4,"stat.killEntity.Pig":1,"stat.walkOneCm":151574,"stat.useItem.minecraft.torch":6,"stat.useItem.minecraft.chest":1,"stat.pickup.minecraft.crafting_table":2,"stat.useItem.minecraft.cobblestone":12,"stat.craftItem.minecraft.crafting_table":1,"stat.mineBlock.minecraft.double_plant":1,"stat.mineBlock.harvestcraft.pamgooseberry":3,"stat.pickup.minecraft.log":17,"stat.pickup.harvestcraft.hazelnutitem":8,"stat.useItem.harvestcraft.sweetpotatoitem":1,"stat.pickup.harvestcraft.spiceleafitem":8,"stat.pickup.minecraft.stone":11,"stat.pickup.harvestcraft.zucchiniitem":5,"stat.craftItem.minecraft.planks":56,"stat.mobKills":2,"stat.mineBlock.minecraft.log":18,"stat.pickup.harvestcraft.plumitem":12,"stat.mineBlock.minecraft.leaves":11,"stat.pickup.harvestcraft.juteitem":7,"stat.pickup.minecraft.torch":2,"stat.mineBlock.iceandfire.dragon_ice_spikes":2,"stat.pickup.minecraft.red_flower":17,"stat.pickup.harvestcraft.tealeafitem":8,"stat.sneakTime":250,"stat.mineBlock.harvestcraft.soggygarden":7,"stat.mineBlock.minecraft.stone":113,"stat.pickup.harvestcraft.gooseberryitem":4}